dataset,category,image,method,cvd_type,delta_e2000,ssim,ssim_rgb,avg_gradient,entropy
primary27,usc-sipi,airplane,M1_intensity_slicing,protan,42.04348,0.29477,0.14143,0.05125,2.95787
primary27,usc-sipi,airplane,M2_sin_three_phase,protan,34.92431,0.43268,0.17959,0.06231,18.31672
primary27,usc-sipi,airplane,M4_jet,protan,39.93057,0.76223,0.22454,0.04000,13.62560
primary27,usc-sipi,airplane,M5_hot,protan,30.73113,0.94365,0.36980,0.08159,7.13692
primary27,usc-sipi,airplane,M5b_turbo,protan,39.66076,0.61572,0.22253,0.04670,17.16584
primary27,usc-sipi,airplane,M6_viridis,protan,22.11700,0.88327,0.49115,0.07360,14.72117
primary27,usc-sipi,airplane,M6b_cividis,protan,6.54656,0.96662,0.84829,0.07989,15.81452
primary27,usc-sipi,airplane,DE_Cividis,protan,7.44054,0.99327,0.68348,0.08297,19.11885
primary27,usc-sipi,airplane,M1_intensity_slicing,deutan,42.04348,0.29477,0.14143,0.05908,2.95787
primary27,usc-sipi,airplane,M2_sin_three_phase,deutan,34.92431,0.43268,0.17959,0.08097,18.31672
primary27,usc-sipi,airplane,M4_jet,deutan,39.93057,0.76223,0.22454,0.03468,13.62560
primary27,usc-sipi,airplane,M5_hot,deutan,30.73113,0.94365,0.36980,0.06609,7.13692
primary27,usc-sipi,airplane,M5b_turbo,deutan,39.66076,0.61572,0.22253,0.03799,17.16584
primary27,usc-sipi,airplane,M6_viridis,deutan,22.11700,0.88327,0.49115,0.08002,14.72117
primary27,usc-sipi,airplane,M6b_cividis,deutan,6.54656,0.96662,0.84829,0.07982,15.81452
primary27,usc-sipi,airplane,DE_Cividis,deutan,7.44054,0.99327,0.68348,0.08401,19.11885
primary27,usc-sipi,lena,M1_intensity_slicing,protan,40.90146,0.32534,0.18507,0.08220,4.10069
primary27,usc-sipi,lena,M2_sin_three_phase,protan,35.01287,0.36712,0.20247,0.07353,20.72699
primary27,usc-sipi,lena,M4_jet,protan,38.33739,0.60010,0.24634,0.08592,14.15106
primary27,usc-sipi,lena,M5_hot,protan,30.50455,0.95726,0.37842,0.06616,8.74452
primary27,usc-sipi,lena,M5b_turbo,protan,39.62555,0.52239,0.24071,0.07991,19.61052
primary27,usc-sipi,lena,M6_viridis,protan,22.92310,0.90280,0.52207,0.06998,17.80744
primary27,usc-sipi,lena,M6b_cividis,protan,11.20116,0.96490,0.82451,0.06665,18.31972
primary27,usc-sipi,lena,DE_Cividis,protan,11.79899,0.99527,0.70466,0.06849,21.26497
primary27,usc-sipi,lena,M1_intensity_slicing,deutan,40.90146,0.32534,0.18507,0.07781,4.10069
primary27,usc-sipi,lena,M2_sin_three_phase,deutan,35.01287,0.36712,0.20247,0.08142,20.72699
primary27,usc-sipi,lena,M4_jet,deutan,38.33739,0.60010,0.24634,0.07912,14.15106
primary27,usc-sipi,lena,M5_hot,deutan,30.50455,0.95726,0.37842,0.06666,8.74452
primary27,usc-sipi,lena,M5b_turbo,deutan,39.62555,0.52239,0.24071,0.08343,19.61052
primary27,usc-sipi,lena,M6_viridis,deutan,22.92310,0.90280,0.52207,0.06799,17.80744
primary27,usc-sipi,lena,M6b_cividis,deutan,11.20116,0.96490,0.82451,0.06701,18.31972
primary27,usc-sipi,lena,DE_Cividis,deutan,11.79899,0.99527,0.70466,0.07041,21.26497
primary27,usc-sipi,mandrill,M1_intensity_slicing,protan,40.94853,0.16263,-0.00498,0.13006,3.65151
primary27,usc-sipi,mandrill,M2_sin_three_phase,protan,33.14912,0.24275,0.07011,0.16241,19.06663
primary27,usc-sipi,mandrill,M4_jet,protan,38.81000,0.49840,0.09011,0.10716,13.73432
primary27,usc-sipi,mandrill,M5_hot,protan,31.10411,0.93533,0.32078,0.16706,7.60881
primary27,usc-sipi,mandrill,M5b_turbo,protan,38.96678,0.32249,0.02971,0.14373,17.81451
primary27,usc-sipi,mandrill,M6_viridis,protan,22.33112,0.85260,0.31240,0.14579,16.09547
primary27,usc-sipi,mandrill,M6b_cividis,protan,8.93718,0.95369,0.74437,0.15941,16.76748
primary27,usc-sipi,mandrill,DE_Cividis,protan,12.46416,0.99017,0.47316,0.16256,21.18377
primary27,usc-sipi,mandrill,M1_intensity_slicing,deutan,40.94853,0.16263,-0.00498,0.11381,3.65151
primary27,usc-sipi,mandrill,M2_sin_three_phase,deutan,33.14912,0.24275,0.07011,0.20745,19.06663
primary27,usc-sipi,mandrill,M4_jet,deutan,38.81000,0.49840,0.09011,0.09153,13.73432
primary27,usc-sipi,mandrill,M5_hot,deutan,31.10411,0.93533,0.32078,0.14199,7.60881
primary27,usc-sipi,mandrill,M5b_turbo,deutan,38.96678,0.32249,0.02971,0.11349,17.81451
primary27,usc-sipi,mandrill,M6_viridis,deutan,22.33112,0.85260,0.31240,0.15665,16.09547
primary27,usc-sipi,mandrill,M6b_cividis,deutan,8.93718,0.95369,0.74437,0.15698,16.76748
primary27,usc-sipi,mandrill,DE_Cividis,deutan,12.46416,0.99017,0.47316,0.16855,21.18377
primary27,usc-sipi,peppers,M1_intensity_slicing,protan,40.22504,0.22043,0.11610,0.12647,4.37593
primary27,usc-sipi,peppers,M2_sin_three_phase,protan,35.58331,0.25504,0.12805,0.13304,19.43963
primary27,usc-sipi,peppers,M4_jet,protan,38.23984,0.48188,0.15951,0.11710,13.44011
primary27,usc-sipi,peppers,M5_hot,protan,30.41443,0.95190,0.33326,0.10154,8.25216
primary27,usc-sipi,peppers,M5b_turbo,protan,38.70278,0.37131,0.13087,0.11558,18.83972
primary27,usc-sipi,peppers,M6_viridis,protan,22.82271,0.88433,0.43503,0.09748,17.30271
primary27,usc-sipi,peppers,M6b_cividis,protan,12.33323,0.95265,0.75489,0.09896,17.35878
primary27,usc-sipi,peppers,DE_Cividis,protan,13.69629,0.99354,0.66055,0.10127,21.58320
primary27,usc-sipi,peppers,M1_intensity_slicing,deutan,40.22504,0.22043,0.11610,0.11496,4.37593
primary27,usc-sipi,peppers,M2_sin_three_phase,deutan,35.58331,0.25504,0.12805,0.13853,19.43963
primary27,usc-sipi,peppers,M4_jet,deutan,38.23984,0.48188,0.15951,0.10560,13.44011
primary27,usc-sipi,peppers,M5_hot,deutan,30.41443,0.95190,0.33326,0.09449,8.25216
primary27,usc-sipi,peppers,M5b_turbo,deutan,38.70278,0.37131,0.13087,0.09932,18.83972
primary27,usc-sipi,peppers,M6_viridis,deutan,22.82271,0.88433,0.43503,0.09941,17.30271
primary27,usc-sipi,peppers,M6b_cividis,deutan,12.33323,0.95265,0.75489,0.09890,17.35878
primary27,usc-sipi,peppers,DE_Cividis,deutan,13.69629,0.99354,0.66055,0.10342,21.58320
primary27,ishihara,plate01_synthetic,M1_intensity_slicing,protan,41.51181,-0.10379,0.05780,0.14713,3.09682
primary27,ishihara,plate01_synthetic,M2_sin_three_phase,protan,35.24539,0.88766,0.29203,0.12875,12.95672
primary27,ishihara,plate01_synthetic,M4_jet,protan,40.21320,0.09636,0.13878,0.12341,10.58951
primary27,ishihara,plate01_synthetic,M5_hot,protan,27.80211,0.97781,0.51022,0.10028,5.57701
primary27,ishihara,plate01_synthetic,M5b_turbo,protan,37.89876,-0.05748,0.04600,0.12214,12.92175
primary27,ishihara,plate01_synthetic,M6_viridis,protan,25.29388,0.96469,0.48173,0.09325,12.51788
primary27,ishihara,plate01_synthetic,M6b_cividis,protan,13.83257,0.97075,0.69036,0.10116,11.77719
primary27,ishihara,plate01_synthetic,DE_Cividis,protan,12.40195,0.99498,0.60437,0.10462,15.91568
primary27,ishihara,plate01_synthetic,M1_intensity_slicing,deutan,41.51181,-0.10379,0.05780,0.14492,3.09682
primary27,ishihara,plate01_synthetic,M2_sin_three_phase,deutan,35.24539,0.88766,0.29203,0.13371,12.95672
primary27,ishihara,plate01_synthetic,M4_jet,deutan,40.21320,0.09636,0.13878,0.12726,10.58951
primary27,ishihara,plate01_synthetic,M5_hot,deutan,27.80211,0.97781,0.51022,0.10725,5.57701
primary27,ishihara,plate01_synthetic,M5b_turbo,deutan,37.89876,-0.05748,0.04600,0.12634,12.92175
primary27,ishihara,plate01_synthetic,M6_viridis,deutan,25.29388,0.96469,0.48173,0.10016,12.51788
primary27,ishihara,plate01_synthetic,M6b_cividis,deutan,13.83257,0.97075,0.69036,0.10136,11.77719
primary27,ishihara,plate01_synthetic,DE_Cividis,deutan,12.40195,0.99498,0.60437,0.10301,15.91568
primary27,ishihara,plate02_synthetic,M1_intensity_slicing,protan,41.87727,-0.07789,0.06287,0.14503,2.93270
primary27,ishihara,plate02_synthetic,M2_sin_three_phase,protan,35.52871,0.88548,0.28495,0.13017,12.97493
primary27,ishihara,plate02_synthetic,M4_jet,protan,40.20014,0.11283,0.16109,0.12183,10.63431
primary27,ishihara,plate02_synthetic,M5_hot,protan,27.91279,0.97808,0.50631,0.10413,5.58371
primary27,ishihara,plate02_synthetic,M5b_turbo,protan,38.10562,-0.04486,0.05997,0.12224,12.98396
primary27,ishihara,plate02_synthetic,M6_viridis,protan,25.14385,0.96297,0.48237,0.09778,12.33058
primary27,ishihara,plate02_synthetic,M6b_cividis,protan,13.19555,0.97082,0.69394,0.10434,11.66364
primary27,ishihara,plate02_synthetic,DE_Cividis,protan,11.93731,0.99465,0.60615,0.10831,15.91016
primary27,ishihara,plate02_synthetic,M1_intensity_slicing,deutan,41.87727,-0.07789,0.06287,0.14306,2.93270
primary27,ishihara,plate02_synthetic,M2_sin_three_phase,deutan,35.52871,0.88548,0.28495,0.13287,12.97493
primary27,ishihara,plate02_synthetic,M4_jet,deutan,40.20014,0.11283,0.16109,0.12479,10.63431
primary27,ishihara,plate02_synthetic,M5_hot,deutan,27.91279,0.97808,0.50631,0.11014,5.58371
primary27,ishihara,plate02_synthetic,M5b_turbo,deutan,38.10562,-0.04486,0.05997,0.12560,12.98396
primary27,ishihara,plate02_synthetic,M6_viridis,deutan,25.14385,0.96297,0.48237,0.10356,12.33058
primary27,ishihara,plate02_synthetic,M6b_cividis,deutan,13.19555,0.97082,0.69394,0.10454,11.66364
primary27,ishihara,plate02_synthetic,DE_Cividis,deutan,11.93731,0.99465,0.60615,0.10736,15.91016
primary27,ishihara,plate03_synthetic,M1_intensity_slicing,protan,41.62542,-0.07802,0.05971,0.14437,2.86575
primary27,ishihara,plate03_synthetic,M2_sin_three_phase,protan,35.53818,0.88480,0.28895,0.13071,12.84499
primary27,ishihara,plate03_synthetic,M4_jet,protan,40.09269,0.11230,0.15146,0.12459,10.46278
primary27,ishihara,plate03_synthetic,M5_hot,protan,27.94035,0.97754,0.50474,0.10515,5.54853
primary27,ishihara,plate03_synthetic,M5b_turbo,protan,37.87451,-0.04616,0.05263,0.12344,12.87043
primary27,ishihara,plate03_synthetic,M6_viridis,protan,25.17134,0.96302,0.48010,0.09977,12.32675
primary27,ishihara,plate03_synthetic,M6b_cividis,protan,13.30952,0.97080,0.69325,0.10650,11.64866
primary27,ishihara,plate03_synthetic,DE_Cividis,protan,11.91775,0.99488,0.60668,0.11097,15.83174
primary27,ishihara,plate03_synthetic,M1_intensity_slicing,deutan,41.62542,-0.07802,0.05971,0.14283,2.86575
primary27,ishihara,plate03_synthetic,M2_sin_three_phase,deutan,35.53818,0.88480,0.28895,0.13476,12.84499
primary27,ishihara,plate03_synthetic,M4_jet,deutan,40.09269,0.11230,0.15146,0.12730,10.46278
primary27,ishihara,plate03_synthetic,M5_hot,deutan,27.94035,0.97754,0.50474,0.11116,5.54853
primary27,ishihara,plate03_synthetic,M5b_turbo,deutan,37.87451,-0.04616,0.05263,0.12725,12.87043
primary27,ishihara,plate03_synthetic,M6_viridis,deutan,25.17134,0.96302,0.48010,0.10567,12.32675
primary27,ishihara,plate03_synthetic,M6b_cividis,deutan,13.30952,0.97080,0.69325,0.10667,11.64866
primary27,ishihara,plate03_synthetic,DE_Cividis,deutan,11.91775,0.99488,0.60668,0.10960,15.83174
primary27,ishihara,plate05_synthetic,M1_intensity_slicing,protan,37.72884,-0.15137,0.04023,0.13678,3.01673
primary27,ishihara,plate05_synthetic,M2_sin_three_phase,protan,32.84965,0.90114,0.29293,0.11706,14.15394
primary27,ishihara,plate05_synthetic,M4_jet,protan,38.48657,-0.02155,0.04653,0.13066,10.44359
primary27,ishihara,plate05_synthetic,M5_hot,protan,28.23078,0.96958,0.50281,0.09337,5.62237
primary27,ishihara,plate05_synthetic,M5b_turbo,protan,35.28460,-0.10479,0.01904,0.11648,12.67987
primary27,ishihara,plate05_synthetic,M6_viridis,protan,25.76668,0.97028,0.48153,0.09085,13.73466
primary27,ishihara,plate05_synthetic,M6b_cividis,protan,15.87020,0.97070,0.68285,0.09995,12.47695
primary27,ishihara,plate05_synthetic,DE_Cividis,protan,13.86462,0.99533,0.59070,0.10258,16.09164
primary27,ishihara,plate05_synthetic,M1_intensity_slicing,deutan,37.72884,-0.15137,0.04023,0.13566,3.01673
primary27,ishihara,plate05_synthetic,M2_sin_three_phase,deutan,32.84965,0.90114,0.29293,0.12812,14.15394
primary27,ishihara,plate05_synthetic,M4_jet,deutan,38.48657,-0.02155,0.04653,0.13285,10.44359
primary27,ishihara,plate05_synthetic,M5_hot,deutan,28.23078,0.96958,0.50281,0.10049,5.62237
primary27,ishihara,plate05_synthetic,M5b_turbo,deutan,35.28460,-0.10479,0.01904,0.12320,12.67987
primary27,ishihara,plate05_synthetic,M6_viridis,deutan,25.76668,0.97028,0.48153,0.09865,13.73466
primary27,ishihara,plate05_synthetic,M6b_cividis,deutan,15.87020,0.97070,0.68285,0.10001,12.47695
primary27,ishihara,plate05_synthetic,DE_Cividis,deutan,13.86462,0.99533,0.59070,0.10159,16.09164
primary27,ishihara,plate06_synthetic,M1_intensity_slicing,protan,42.70177,-0.07038,0.06270,0.14355,3.01101
primary27,ishihara,plate06_synthetic,M2_sin_three_phase,protan,35.59497,0.88426,0.27977,0.13453,12.81749
primary27,ishihara,plate06_synthetic,M4_jet,protan,40.59258,0.07029,0.14997,0.12847,10.43139
primary27,ishihara,plate06_synthetic,M5_hot,protan,27.70018,0.97985,0.50969,0.10734,5.57772
primary27,ishihara,plate06_synthetic,M5b_turbo,protan,38.86115,-0.06503,0.03814,0.12814,12.88649
primary27,ishihara,plate06_synthetic,M6_viridis,protan,25.15813,0.96235,0.47691,0.10049,12.00918
primary27,ishihara,plate06_synthetic,M6b_cividis,protan,13.18444,0.97022,0.68564,0.10799,11.46092
primary27,ishihara,plate06_synthetic,DE_Cividis,protan,11.99703,0.99474,0.60193,0.11246,15.80818
primary27,ishihara,plate06_synthetic,M1_intensity_slicing,deutan,42.70177,-0.07038,0.06270,0.14272,3.01101
primary27,ishihara,plate06_synthetic,M2_sin_three_phase,deutan,35.59497,0.88426,0.27977,0.13763,12.81749
primary27,ishihara,plate06_synthetic,M4_jet,deutan,40.59258,0.07029,0.14997,0.13161,10.43139
primary27,ishihara,plate06_synthetic,M5_hot,deutan,27.70018,0.97985,0.50969,0.11395,5.57772
primary27,ishihara,plate06_synthetic,M5b_turbo,deutan,38.86115,-0.06503,0.03814,0.13197,12.88649
primary27,ishihara,plate06_synthetic,M6_viridis,deutan,25.15813,0.96235,0.47691,0.10707,12.00918
primary27,ishihara,plate06_synthetic,M6b_cividis,deutan,13.18444,0.97022,0.68564,0.10819,11.46092
primary27,ishihara,plate06_synthetic,DE_Cividis,deutan,11.99703,0.99474,0.60193,0.11064,15.80818
primary27,ishihara,plate08_synthetic,M1_intensity_slicing,protan,41.18175,-0.14202,0.03361,0.15346,2.98827
primary27,ishihara,plate08_synthetic,M2_sin_three_phase,protan,35.25972,0.88888,0.28276,0.13283,13.05296
primary27,ishihara,plate08_synthetic,M4_jet,protan,40.03175,0.06995,0.12413,0.13024,10.66016
primary27,ishihara,plate08_synthetic,M5_hot,protan,27.88178,0.97750,0.50467,0.10921,5.58823
primary27,ishihara,plate08_synthetic,M5b_turbo,protan,37.63738,-0.08611,0.02540,0.12659,12.91514
primary27,ishihara,plate08_synthetic,M6_viridis,protan,25.29399,0.96495,0.47234,0.10525,12.62844
primary27,ishihara,plate08_synthetic,M6b_cividis,protan,13.77606,0.97019,0.68185,0.11204,11.80872
primary27,ishihara,plate08_synthetic,DE_Cividis,protan,12.20966,0.99486,0.59514,0.11563,15.87021
primary27,ishihara,plate08_synthetic,M1_intensity_slicing,deutan,41.18175,-0.14202,0.03361,0.15144,2.98827
primary27,ishihara,plate08_synthetic,M2_sin_three_phase,deutan,35.25972,0.88888,0.28276,0.13892,13.05296
primary27,ishihara,plate08_synthetic,M4_jet,deutan,40.03175,0.06995,0.12413,0.13215,10.66016
primary27,ishihara,plate08_synthetic,M5_hot,deutan,27.88178,0.97750,0.50467,0.11499,5.58823
primary27,ishihara,plate08_synthetic,M5b_turbo,deutan,37.63738,-0.08611,0.02540,0.13097,12.91514
primary27,ishihara,plate08_synthetic,M6_viridis,deutan,25.29399,0.96495,0.47234,0.11114,12.62844
primary27,ishihara,plate08_synthetic,M6b_cividis,deutan,13.77606,0.97019,0.68185,0.11215,11.80872
primary27,ishihara,plate08_synthetic,DE_Cividis,deutan,12.20966,0.99486,0.59514,0.11418,15.87021
primary27,ishihara,plate12_synthetic,M1_intensity_slicing,protan,41.03714,-0.45043,-0.06225,0.24736,2.96449
primary27,ishihara,plate12_synthetic,M2_sin_three_phase,protan,30.95399,0.83612,-0.10282,0.26811,13.36117
primary27,ishihara,plate12_synthetic,M4_jet,protan,37.33923,-0.43384,-0.09017,0.25747,10.60511
primary27,ishihara,plate12_synthetic,M5_hot,protan,31.34339,0.94185,0.32448,0.24127,5.78973
primary27,ishihara,plate12_synthetic,M5b_turbo,protan,37.71443,-0.53117,-0.06629,0.27089,12.63514
primary27,ishihara,plate12_synthetic,M6_viridis,protan,23.86980,0.92574,0.32760,0.20398,11.03318
primary27,ishihara,plate12_synthetic,M6b_cividis,protan,11.11239,0.95483,0.63052,0.21124,11.89596
primary27,ishihara,plate12_synthetic,DE_Cividis,protan,15.47125,0.99155,0.40787,0.21738,18.85330
primary27,ishihara,plate12_synthetic,M1_intensity_slicing,deutan,41.03714,-0.45043,-0.06225,0.26293,2.96449
primary27,ishihara,plate12_synthetic,M2_sin_three_phase,deutan,30.95399,0.83612,-0.10282,0.25340,13.36117
primary27,ishihara,plate12_synthetic,M4_jet,deutan,37.33923,-0.43384,-0.09017,0.25051,10.60511
primary27,ishihara,plate12_synthetic,M5_hot,deutan,31.34339,0.94185,0.32448,0.23727,5.78973
primary27,ishihara,plate12_synthetic,M5b_turbo,deutan,37.71443,-0.53117,-0.06629,0.26893,12.63514
primary27,ishihara,plate12_synthetic,M6_viridis,deutan,23.86980,0.92574,0.32760,0.20979,11.03318
primary27,ishihara,plate12_synthetic,M6b_cividis,deutan,11.11239,0.95483,0.63052,0.21161,11.89596
primary27,ishihara,plate12_synthetic,DE_Cividis,deutan,15.47125,0.99155,0.40787,0.21786,18.85330
primary27,ishihara,plate15_synthetic,M1_intensity_slicing,protan,40.83443,-0.44270,-0.05353,0.24626,2.92913
primary27,ishihara,plate15_synthetic,M2_sin_three_phase,protan,30.89423,0.83977,-0.09371,0.26612,13.16751
primary27,ishihara,plate15_synthetic,M4_jet,protan,37.07821,-0.42541,-0.07623,0.25484,10.43648
primary27,ishihara,plate15_synthetic,M5_hot,protan,31.32563,0.94235,0.33054,0.23647,5.71486
primary27,ishihara,plate15_synthetic,M5b_turbo,protan,37.42738,-0.52696,-0.05391,0.26782,12.39301
primary27,ishihara,plate15_synthetic,M6_viridis,protan,24.05012,0.92718,0.33239,0.19904,10.88077
primary27,ishihara,plate15_synthetic,M6b_cividis,protan,11.50319,0.95505,0.63060,0.20651,11.65190
primary27,ishihara,plate15_synthetic,DE_Cividis,protan,15.58780,0.99142,0.41181,0.21370,18.91658
primary27,ishihara,plate15_synthetic,M1_intensity_slicing,deutan,40.83443,-0.44270,-0.05353,0.26303,2.92913
primary27,ishihara,plate15_synthetic,M2_sin_three_phase,deutan,30.89423,0.83977,-0.09371,0.25167,13.16751
primary27,ishihara,plate15_synthetic,M4_jet,deutan,37.07821,-0.42541,-0.07623,0.24906,10.43648
primary27,ishihara,plate15_synthetic,M5_hot,deutan,31.32563,0.94235,0.33054,0.23316,5.71486
primary27,ishihara,plate15_synthetic,M5b_turbo,deutan,37.42738,-0.52696,-0.05391,0.26662,12.39301
primary27,ishihara,plate15_synthetic,M6_viridis,deutan,24.05012,0.92718,0.33239,0.20504,10.88077
primary27,ishihara,plate15_synthetic,M6b_cividis,deutan,11.50319,0.95505,0.63060,0.20690,11.65190
primary27,ishihara,plate15_synthetic,DE_Cividis,deutan,15.58780,0.99142,0.41181,0.21459,18.91658
primary27,ishihara,plate74_synthetic,M1_intensity_slicing,protan,40.83651,-0.46632,-0.06052,0.25230,2.92508
primary27,ishihara,plate74_synthetic,M2_sin_three_phase,protan,31.02034,0.84596,-0.11192,0.27347,13.27806
primary27,ishihara,plate74_synthetic,M4_jet,protan,37.11058,-0.46156,-0.08617,0.26098,10.47856
primary27,ishihara,plate74_synthetic,M5_hot,protan,31.29737,0.94242,0.32715,0.24255,5.73589
primary27,ishihara,plate74_synthetic,M5b_turbo,protan,37.47324,-0.56054,-0.05846,0.27471,12.49970
primary27,ishihara,plate74_synthetic,M6_viridis,protan,24.02233,0.92863,0.32569,0.20362,10.96073
primary27,ishihara,plate74_synthetic,M6b_cividis,protan,11.30100,0.95478,0.62414,0.21128,11.71187
primary27,ishihara,plate74_synthetic,DE_Cividis,protan,15.38143,0.99150,0.40632,0.21791,18.82912
primary27,ishihara,plate74_synthetic,M1_intensity_slicing,deutan,40.83651,-0.46632,-0.06052,0.26766,2.92508
primary27,ishihara,plate74_synthetic,M2_sin_three_phase,deutan,31.02034,0.84596,-0.11192,0.25652,13.27806
primary27,ishihara,plate74_synthetic,M4_jet,deutan,37.11058,-0.46156,-0.08617,0.25495,10.47856
primary27,ishihara,plate74_synthetic,M5_hot,deutan,31.29737,0.94242,0.32715,0.24118,5.73589
primary27,ishihara,plate74_synthetic,M5b_turbo,deutan,37.47324,-0.56054,-0.05846,0.27391,12.49970
primary27,ishihara,plate74_synthetic,M6_viridis,deutan,24.02233,0.92863,0.32569,0.20982,10.96073
primary27,ishihara,plate74_synthetic,M6b_cividis,deutan,11.30100,0.95478,0.62414,0.21172,11.71187
primary27,ishihara,plate74_synthetic,DE_Cividis,deutan,15.38143,0.99150,0.40632,0.21828,18.82912
primary27,maps,citymap_01,M1_intensity_slicing,protan,55.70150,-0.01389,0.22167,0.09930,2.55647
primary27,maps,citymap_01,M2_sin_three_phase,protan,31.42410,0.90497,0.39964,0.08800,3.59127
primary27,maps,citymap_01,M4_jet,protan,48.82704,-0.01466,0.04409,0.11300,2.87669
primary27,maps,citymap_01,M5_hot,protan,21.39208,0.94255,0.72740,0.09771,2.19525
primary27,maps,citymap_01,M5b_turbo,protan,52.12088,-0.03039,0.05199,0.12029,3.59610
primary27,maps,citymap_01,M6_viridis,protan,28.30803,0.96884,0.57010,0.10383,3.60952
primary27,maps,citymap_01,M6b_cividis,protan,25.23629,0.97183,0.68852,0.11565,3.57363
primary27,maps,citymap_01,DE_Cividis,protan,25.15569,0.99844,0.66590,0.11858,8.31703
primary27,maps,citymap_01,M1_intensity_slicing,deutan,55.70150,-0.01389,0.22167,0.11721,2.55647
primary27,maps,citymap_01,M2_sin_three_phase,deutan,31.42410,0.90497,0.39964,0.07054,3.59127
primary27,maps,citymap_01,M4_jet,deutan,48.82704,-0.01466,0.04409,0.10767,2.87669
primary27,maps,citymap_01,M5_hot,deutan,21.39208,0.94255,0.72740,0.10119,2.19525
primary27,maps,citymap_01,M5b_turbo,deutan,52.12088,-0.03039,0.05199,0.12425,3.59610
primary27,maps,citymap_01,M6_viridis,deutan,28.30803,0.96884,0.57010,0.11399,3.60952
primary27,maps,citymap_01,M6b_cividis,deutan,25.23629,0.97183,0.68852,0.11556,3.57363
primary27,maps,citymap_01,DE_Cividis,deutan,25.15569,0.99844,0.66590,0.11661,8.31703
primary27,maps,citymap_02,M1_intensity_slicing,protan,54.75345,-0.01666,0.21058,0.08394,2.72326
primary27,maps,citymap_02,M2_sin_three_phase,protan,31.08463,0.91153,0.40882,0.07437,4.03594
primary27,maps,citymap_02,M4_jet,protan,47.92923,-0.02822,0.02004,0.09901,2.99847
primary27,maps,citymap_02,M5_hot,protan,21.89427,0.92819,0.68021,0.07731,2.29285
primary27,maps,citymap_02,M5b_turbo,protan,51.12435,-0.04845,0.02798,0.10367,4.03313
primary27,maps,citymap_02,M6_viridis,protan,28.32765,0.97028,0.55881,0.08403,4.03959
primary27,maps,citymap_02,M6b_cividis,protan,25.15976,0.97130,0.67834,0.09703,4.03818
primary27,maps,citymap_02,DE_Cividis,protan,24.90232,0.99747,0.64428,0.09992,9.51289
primary27,maps,citymap_02,M1_intensity_slicing,deutan,54.75345,-0.01666,0.21058,0.10505,2.72326
primary27,maps,citymap_02,M2_sin_three_phase,deutan,31.08463,0.91153,0.40882,0.05955,4.03594
primary27,maps,citymap_02,M4_jet,deutan,47.92923,-0.02822,0.02004,0.10222,2.99847
primary27,maps,citymap_02,M5_hot,deutan,21.89427,0.92819,0.68021,0.08114,2.29285
primary27,maps,citymap_02,M5b_turbo,deutan,51.12435,-0.04845,0.02798,0.11189,4.03313
primary27,maps,citymap_02,M6_viridis,deutan,28.32765,0.97028,0.55881,0.09522,4.03959
primary27,maps,citymap_02,M6b_cividis,deutan,25.15976,0.97130,0.67834,0.09694,4.03818
primary27,maps,citymap_02,DE_Cividis,deutan,24.90232,0.99747,0.64428,0.09768,9.51289
primary27,maps,citymap_03,M1_intensity_slicing,protan,54.65946,-0.07944,0.16375,0.10558,2.79593
primary27,maps,citymap_03,M2_sin_three_phase,protan,31.11523,0.90848,0.36581,0.09083,4.10793
primary27,maps,citymap_03,M4_jet,protan,47.80059,-0.10155,-0.01181,0.11767,3.17409
primary27,maps,citymap_03,M5_hot,protan,22.05750,0.92434,0.66220,0.09835,2.36384
primary27,maps,citymap_03,M5b_turbo,protan,50.97512,-0.12346,-0.01091,0.12688,4.10693
primary27,maps,citymap_03,M6_viridis,protan,28.21299,0.96884,0.54032,0.10544,4.11123
primary27,maps,citymap_03,M6b_cividis,protan,24.93671,0.96923,0.65783,0.12000,4.10521
primary27,maps,citymap_03,DE_Cividis,protan,24.70419,0.99778,0.62170,0.12320,9.23627
primary27,maps,citymap_03,M1_intensity_slicing,deutan,54.65946,-0.07944,0.16375,0.12886,2.79593
primary27,maps,citymap_03,M2_sin_three_phase,deutan,31.11523,0.90848,0.36581,0.07367,4.10793
primary27,maps,citymap_03,M4_jet,deutan,47.80059,-0.10155,-0.01181,0.11730,3.17409
primary27,maps,citymap_03,M5_hot,deutan,22.05750,0.92434,0.66220,0.10254,2.36384
primary27,maps,citymap_03,M5b_turbo,deutan,50.97512,-0.12346,-0.01091,0.13558,4.10693
primary27,maps,citymap_03,M6_viridis,deutan,28.21299,0.96884,0.54032,0.11795,4.11123
primary27,maps,citymap_03,M6b_cividis,deutan,24.93671,0.96923,0.65783,0.11990,4.10521
primary27,maps,citymap_03,DE_Cividis,deutan,24.70419,0.99778,0.62170,0.12049,9.23627
primary27,maps,global,M1_intensity_slicing,protan,54.33658,0.26440,0.38913,0.03667,1.75121
primary27,maps,global,M2_sin_three_phase,protan,30.72230,0.94856,0.52539,0.03740,5.10130
primary27,maps,global,M4_jet,protan,47.48618,0.23963,0.20384,0.05042,2.82742
primary27,maps,global,M5_hot,protan,21.48158,0.96598,0.80568,0.03153,1.89186
primary27,maps,global,M5b_turbo,protan,50.58489,0.25168,0.21818,0.04750,4.68751
primary27,maps,global,M6_viridis,protan,29.22469,0.97970,0.65827,0.03404,5.06305
primary27,maps,global,M6b_cividis,protan,26.38028,0.98024,0.76713,0.04106,5.17268
primary27,maps,global,DE_Cividis,protan,25.76540,0.99605,0.77020,0.04094,7.62077
primary27,maps,global,M1_intensity_slicing,deutan,54.33658,0.26440,0.38913,0.04572,1.75121
primary27,maps,global,M2_sin_three_phase,deutan,30.72230,0.94856,0.52539,0.03870,5.10130
primary27,maps,global,M4_jet,deutan,47.48618,0.23963,0.20384,0.05333,2.82742
primary27,maps,global,M5_hot,deutan,21.48158,0.96598,0.80568,0.03445,1.89186
primary27,maps,global,M5b_turbo,deutan,50.58489,0.25168,0.21818,0.05269,4.68751
primary27,maps,global,M6_viridis,deutan,29.22469,0.97970,0.65827,0.04025,5.06305
primary27,maps,global,M6b_cividis,deutan,26.38028,0.98024,0.76713,0.04104,5.17268
primary27,maps,global,DE_Cividis,deutan,25.76540,0.99605,0.77020,0.03990,7.62077
primary27,maps,shanghai,M1_intensity_slicing,protan,38.10445,0.62173,0.31202,0.01163,0.10807
primary27,maps,shanghai,M2_sin_three_phase,protan,25.86931,0.94947,0.64197,0.01221,0.40553
primary27,maps,shanghai,M4_jet,protan,31.61684,0.88719,0.59545,0.01252,0.28325
primary27,maps,shanghai,M5_hot,protan,31.80704,0.98904,0.75767,0.01195,0.23365
primary27,maps,shanghai,M5b_turbo,protan,32.73706,0.86397,0.64022,0.01249,0.40419
primary27,maps,shanghai,M6_viridis,protan,27.66567,0.98138,0.84171,0.01219,0.41210
primary27,maps,shanghai,M6b_cividis,protan,21.90155,0.99082,0.92426,0.01230,0.40719
primary27,maps,shanghai,DE_Cividis,protan,21.07520,0.99960,0.94397,0.01241,1.55477
primary27,maps,shanghai,M1_intensity_slicing,deutan,38.10445,0.62173,0.31202,0.01144,0.10807
primary27,maps,shanghai,M2_sin_three_phase,deutan,25.86931,0.94947,0.64197,0.01225,0.40553
primary27,maps,shanghai,M4_jet,deutan,31.61684,0.88719,0.59545,0.01244,0.28325
primary27,maps,shanghai,M5_hot,deutan,31.80704,0.98904,0.75767,0.01209,0.23365
primary27,maps,shanghai,M5b_turbo,deutan,32.73706,0.86397,0.64022,0.01258,0.40419
primary27,maps,shanghai,M6_viridis,deutan,27.66567,0.98138,0.84171,0.01228,0.41210
primary27,maps,shanghai,M6b_cividis,deutan,21.90155,0.99082,0.92426,0.01230,0.40719
primary27,maps,shanghai,DE_Cividis,deutan,21.07520,0.99960,0.94397,0.01249,1.55477
primary27,grayscale,ct_synthetic,M1_intensity_slicing,protan,41.60314,-0.52244,-0.12202,0.30420,4.29633
primary27,grayscale,ct_synthetic,M2_sin_three_phase,protan,30.99054,0.76550,0.03180,0.31314,20.35599
primary27,grayscale,ct_synthetic,M4_jet,protan,39.73218,-0.47216,-0.15744,0.30452,12.80763
primary27,grayscale,ct_synthetic,M5_hot,protan,27.64953,0.94327,0.40391,0.25543,8.55924
primary27,grayscale,ct_synthetic,M5b_turbo,protan,39.65741,-0.59810,-0.29313,0.30183,19.19651
primary27,grayscale,ct_synthetic,M6_viridis,protan,25.59579,0.93535,0.28894,0.21537,19.31432
primary27,grayscale,ct_synthetic,M6b_cividis,protan,16.49082,0.95155,0.52901,0.25579,19.32177
primary27,grayscale,ct_synthetic,DE_Cividis,protan,18.76764,0.98780,0.39278,0.24922,21.23158
primary27,grayscale,ct_synthetic,M1_intensity_slicing,deutan,41.60314,-0.52244,-0.12202,0.27181,4.29633
primary27,grayscale,ct_synthetic,M2_sin_three_phase,deutan,30.99054,0.76550,0.03180,0.30487,20.35599
primary27,grayscale,ct_synthetic,M4_jet,deutan,39.73218,-0.47216,-0.15744,0.27394,12.80763
primary27,grayscale,ct_synthetic,M5_hot,deutan,27.64953,0.94327,0.40391,0.22668,8.55924
primary27,grayscale,ct_synthetic,M5b_turbo,deutan,39.65741,-0.59810,-0.29313,0.28429,19.19651
primary27,grayscale,ct_synthetic,M6_viridis,deutan,25.59579,0.93535,0.28894,0.25091,19.31432
primary27,grayscale,ct_synthetic,M6b_cividis,deutan,16.49082,0.95155,0.52901,0.25290,19.32177
primary27,grayscale,ct_synthetic,DE_Cividis,deutan,18.76764,0.98780,0.39278,0.25133,21.23158
primary27,grayscale,lena_gray,M1_intensity_slicing,protan,40.90168,0.32534,0.18507,0.08220,4.10063
primary27,grayscale,lena_gray,M2_sin_three_phase,protan,35.01303,0.36711,0.20247,0.07353,20.72694
primary27,grayscale,lena_gray,M4_jet,protan,38.33748,0.60012,0.24633,0.08592,14.15114
primary27,grayscale,lena_gray,M5_hot,protan,30.50453,0.95726,0.37841,0.06616,8.74455
primary27,grayscale,lena_gray,M5b_turbo,protan,39.62574,0.52240,0.24070,0.07991,19.61059
primary27,grayscale,lena_gray,M6_viridis,protan,22.92302,0.90279,0.52207,0.06998,17.80735
primary27,grayscale,lena_gray,M6b_cividis,protan,11.20099,0.96490,0.82451,0.06665,18.31990
primary27,grayscale,lena_gray,DE_Cividis,protan,11.79882,0.99527,0.70465,0.06849,21.26495
primary27,grayscale,lena_gray,M1_intensity_slicing,deutan,40.90168,0.32534,0.18507,0.07781,4.10063
primary27,grayscale,lena_gray,M2_sin_three_phase,deutan,35.01303,0.36711,0.20247,0.08142,20.72694
primary27,grayscale,lena_gray,M4_jet,deutan,38.33748,0.60012,0.24633,0.07912,14.15114
primary27,grayscale,lena_gray,M5_hot,deutan,30.50453,0.95726,0.37841,0.06666,8.74455
primary27,grayscale,lena_gray,M5b_turbo,deutan,39.62574,0.52240,0.24070,0.08343,19.61059
primary27,grayscale,lena_gray,M6_viridis,deutan,22.92302,0.90279,0.52207,0.06799,17.80735
primary27,grayscale,lena_gray,M6b_cividis,deutan,11.20099,0.96490,0.82451,0.06701,18.31990
primary27,grayscale,lena_gray,DE_Cividis,deutan,11.79882,0.99527,0.70465,0.07041,21.26495
primary27,grayscale,mri_synthetic,M1_intensity_slicing,protan,38.22249,0.24298,0.28182,0.02985,3.50102
primary27,grayscale,mri_synthetic,M2_sin_three_phase,protan,56.58880,0.15379,0.12651,0.05999,15.33969
primary27,grayscale,mri_synthetic,M4_jet,protan,36.71890,0.49187,0.31980,0.04772,10.49327
primary27,grayscale,mri_synthetic,M5_hot,protan,19.36923,0.84681,0.39190,0.06383,6.29649
primary27,grayscale,mri_synthetic,M5b_turbo,protan,33.89941,0.44900,0.19764,0.07437,14.89113
primary27,grayscale,mri_synthetic,M6_viridis,protan,23.16855,0.55056,0.46003,0.09896,12.60959
primary27,grayscale,mri_synthetic,M6b_cividis,protan,13.48869,0.59284,0.61751,0.11617,12.66047
primary27,grayscale,mri_synthetic,DE_Cividis,protan,13.05639,0.70463,0.63134,0.12240,14.50876
primary27,grayscale,mri_synthetic,M1_intensity_slicing,deutan,38.22249,0.24298,0.28182,0.03759,3.50102
primary27,grayscale,mri_synthetic,M2_sin_three_phase,deutan,56.58880,0.15379,0.12651,0.06842,15.33969
primary27,grayscale,mri_synthetic,M4_jet,deutan,36.71890,0.49187,0.31980,0.04589,10.49327
primary27,grayscale,mri_synthetic,M5_hot,deutan,19.36923,0.84681,0.39190,0.07882,6.29649
primary27,grayscale,mri_synthetic,M5b_turbo,deutan,33.89941,0.44900,0.19764,0.07335,14.89113
primary27,grayscale,mri_synthetic,M6_viridis,deutan,23.16855,0.55056,0.46003,0.10681,12.60959
primary27,grayscale,mri_synthetic,M6b_cividis,deutan,13.48869,0.59284,0.61751,0.10968,12.66047
primary27,grayscale,mri_synthetic,DE_Cividis,deutan,13.05639,0.70463,0.63134,0.11479,14.50876
primary27,grayscale,rainfall_synthetic,M1_intensity_slicing,protan,39.24965,0.47990,0.26343,0.04373,4.66379
primary27,grayscale,rainfall_synthetic,M2_sin_three_phase,protan,42.72114,0.47579,0.27152,0.23546,21.40796
primary27,grayscale,rainfall_synthetic,M4_jet,protan,37.53551,0.70672,0.26907,0.25014,13.46304
primary27,grayscale,rainfall_synthetic,M5_hot,protan,27.88180,0.96182,0.33575,0.28997,9.01374
primary27,grayscale,rainfall_synthetic,M5b_turbo,protan,38.71446,0.57537,0.35646,0.32108,20.33106
primary27,grayscale,rainfall_synthetic,M6_viridis,protan,23.36240,0.85844,0.65125,0.46468,18.44984
primary27,grayscale,rainfall_synthetic,M6b_cividis,protan,13.71725,0.90399,0.79711,0.44268,18.48550
primary27,grayscale,rainfall_synthetic,DE_Cividis,protan,13.15615,0.96924,0.83527,0.42975,20.27981
primary27,grayscale,rainfall_synthetic,M1_intensity_slicing,deutan,39.24965,0.47990,0.26343,0.04405,4.66379
primary27,grayscale,rainfall_synthetic,M2_sin_three_phase,deutan,42.72114,0.47579,0.27152,0.23466,21.40796
primary27,grayscale,rainfall_synthetic,M4_jet,deutan,37.53551,0.70672,0.26907,0.23365,13.46304
primary27,grayscale,rainfall_synthetic,M5_hot,deutan,27.88180,0.96182,0.33575,0.34597,9.01374
primary27,grayscale,rainfall_synthetic,M5b_turbo,deutan,38.71446,0.57537,0.35646,0.32901,20.33106
primary27,grayscale,rainfall_synthetic,M6_viridis,deutan,23.36240,0.85844,0.65125,0.44971,18.44984
primary27,grayscale,rainfall_synthetic,M6b_cividis,deutan,13.71725,0.90399,0.79711,0.44966,18.48550
primary27,grayscale,rainfall_synthetic,DE_Cividis,deutan,13.15615,0.96924,0.83527,0.41826,20.27981
primary27,grayscale,satellite_synthetic,M1_intensity_slicing,protan,41.16125,0.16853,0.13901,0.08502,3.95268
primary27,grayscale,satellite_synthetic,M2_sin_three_phase,protan,33.61727,0.46481,0.15342,0.07311,20.46378
primary27,grayscale,satellite_synthetic,M4_jet,protan,38.89532,0.51649,0.17693,0.08658,14.52198
primary27,grayscale,satellite_synthetic,M5_hot,protan,30.75344,0.94096,0.34133,0.09095,8.41886
primary27,grayscale,satellite_synthetic,M5b_turbo,protan,38.96621,0.38989,0.17109,0.07566,19.26725
primary27,grayscale,satellite_synthetic,M6_viridis,protan,22.68379,0.90067,0.48179,0.13029,17.53382
primary27,grayscale,satellite_synthetic,M6b_cividis,protan,9.98604,0.96452,0.80786,0.11691,18.16736
primary27,grayscale,satellite_synthetic,DE_Cividis,protan,9.84111,0.99860,0.85735,0.10892,20.20232
primary27,grayscale,satellite_synthetic,M1_intensity_slicing,deutan,41.16125,0.16853,0.13901,0.09132,3.95268
primary27,grayscale,satellite_synthetic,M2_sin_three_phase,deutan,33.61727,0.46481,0.15342,0.08408,20.46378
primary27,grayscale,satellite_synthetic,M4_jet,deutan,38.89532,0.51649,0.17693,0.10688,14.52198
primary27,grayscale,satellite_synthetic,M5_hot,deutan,30.75344,0.94096,0.34133,0.09682,8.41886
primary27,grayscale,satellite_synthetic,M5b_turbo,deutan,38.96621,0.38989,0.17109,0.07984,19.26725
primary27,grayscale,satellite_synthetic,M6_viridis,deutan,22.68379,0.90067,0.48179,0.11941,17.53382
primary27,grayscale,satellite_synthetic,M6b_cividis,deutan,9.98604,0.96452,0.80786,0.11670,18.16736
primary27,grayscale,satellite_synthetic,DE_Cividis,deutan,9.84111,0.99860,0.85735,0.10618,20.20232
primary27,grayscale,sem_synthetic,M1_intensity_slicing,protan,35.47384,0.46248,0.10849,0.29175,4.10124
primary27,grayscale,sem_synthetic,M2_sin_three_phase,protan,53.16877,-0.28498,0.01141,0.19246,17.47065
primary27,grayscale,sem_synthetic,M4_jet,protan,36.92782,0.79652,0.19808,0.19122,9.71734
primary27,grayscale,sem_synthetic,M5_hot,protan,25.71121,0.97913,0.29334,0.18112,7.29757
primary27,grayscale,sem_synthetic,M5b_turbo,protan,38.61978,0.48941,0.25542,0.21060,16.17501
primary27,grayscale,sem_synthetic,M6_viridis,protan,25.11241,0.80811,0.40565,0.18059,15.26940
primary27,grayscale,sem_synthetic,M6b_cividis,protan,18.20579,0.90296,0.63491,0.18096,14.82134
primary27,grayscale,sem_synthetic,DE_Cividis,protan,18.29016,0.99214,0.56664,0.17531,17.52268
primary27,grayscale,sem_synthetic,M1_intensity_slicing,deutan,35.47384,0.46248,0.10849,0.26723,4.10124
primary27,grayscale,sem_synthetic,M2_sin_three_phase,deutan,53.16877,-0.28498,0.01141,0.16023,17.47065
primary27,grayscale,sem_synthetic,M4_jet,deutan,36.92782,0.79652,0.19808,0.18158,9.71734
primary27,grayscale,sem_synthetic,M5_hot,deutan,25.71121,0.97913,0.29334,0.19280,7.29757
primary27,grayscale,sem_synthetic,M5b_turbo,deutan,38.61978,0.48941,0.25542,0.20302,16.17501
primary27,grayscale,sem_synthetic,M6_viridis,deutan,25.11241,0.80811,0.40565,0.17984,15.26940
primary27,grayscale,sem_synthetic,M6b_cividis,deutan,18.20579,0.90296,0.63491,0.18249,14.82134
primary27,grayscale,sem_synthetic,DE_Cividis,deutan,18.29016,0.99214,0.56664,0.17450,17.52268
primary27,grayscale,thermal_synthetic,M1_intensity_slicing,protan,41.08673,0.01485,-0.01554,0.16727,4.61522
primary27,grayscale,thermal_synthetic,M2_sin_three_phase,protan,34.39719,0.16596,0.05231,0.17119,21.40521
primary27,grayscale,thermal_synthetic,M4_jet,protan,37.44547,0.16422,0.04516,0.19779,13.29255
primary27,grayscale,thermal_synthetic,M5_hot,protan,30.33455,0.93577,0.26873,0.18615,9.33677
primary27,grayscale,thermal_synthetic,M5b_turbo,protan,39.73368,0.09301,-0.11764,0.18659,20.48099
primary27,grayscale,thermal_synthetic,M6_viridis,protan,23.54851,0.88404,0.31568,0.22164,19.16309
primary27,grayscale,thermal_synthetic,M6b_cividis,protan,14.06894,0.94867,0.65247,0.24044,19.20165
primary27,grayscale,thermal_synthetic,DE_Cividis,protan,14.21897,0.98904,0.46767,0.23890,22.30765
primary27,grayscale,thermal_synthetic,M1_intensity_slicing,deutan,41.08673,0.01485,-0.01554,0.15698,4.61522
primary27,grayscale,thermal_synthetic,M2_sin_three_phase,deutan,34.39719,0.16596,0.05231,0.16080,21.40521
primary27,grayscale,thermal_synthetic,M4_jet,deutan,37.44547,0.16422,0.04516,0.17573,13.29255
primary27,grayscale,thermal_synthetic,M5_hot,deutan,30.33455,0.93577,0.26873,0.21341,9.33677
primary27,grayscale,thermal_synthetic,M5b_turbo,deutan,39.73368,0.09301,-0.11764,0.17045,20.48099
primary27,grayscale,thermal_synthetic,M6_viridis,deutan,23.54851,0.88404,0.31568,0.23971,19.16309
primary27,grayscale,thermal_synthetic,M6b_cividis,deutan,14.06894,0.94867,0.65247,0.24336,19.20165
primary27,grayscale,thermal_synthetic,DE_Cividis,deutan,14.21897,0.98904,0.46767,0.23545,22.30765
primary27,grayscale,weld_synthetic,M1_intensity_slicing,protan,35.35187,0.19573,0.20696,0.02659,2.50676
primary27,grayscale,weld_synthetic,M2_sin_three_phase,protan,27.25175,0.65716,0.11245,0.09197,15.67770
primary27,grayscale,weld_synthetic,M4_jet,protan,33.39359,-0.09363,0.10959,0.12231,7.39767
primary27,grayscale,weld_synthetic,M5_hot,protan,31.85352,0.94297,0.37489,0.06759,6.38028
primary27,grayscale,weld_synthetic,M5b_turbo,protan,32.90516,-0.04889,0.09020,0.07961,14.07249
primary27,grayscale,weld_synthetic,M6_viridis,protan,24.34489,0.95309,0.50747,0.04912,14.65645
primary27,grayscale,weld_synthetic,M6b_cividis,protan,16.04983,0.97004,0.78334,0.04669,13.61024
primary27,grayscale,weld_synthetic,DE_Cividis,protan,15.55250,0.98989,0.52260,0.05147,18.22979
primary27,grayscale,weld_synthetic,M1_intensity_slicing,deutan,35.35187,0.19573,0.20696,0.02186,2.50676
primary27,grayscale,weld_synthetic,M2_sin_three_phase,deutan,27.25175,0.65716,0.11245,0.14722,15.67770
primary27,grayscale,weld_synthetic,M4_jet,deutan,33.39359,-0.09363,0.10959,0.15465,7.39767
primary27,grayscale,weld_synthetic,M5_hot,deutan,31.85352,0.94297,0.37489,0.07337,6.38028
primary27,grayscale,weld_synthetic,M5b_turbo,deutan,32.90516,-0.04889,0.09020,0.08869,14.07249
primary27,grayscale,weld_synthetic,M6_viridis,deutan,24.34489,0.95309,0.50747,0.04710,14.65645
primary27,grayscale,weld_synthetic,M6b_cividis,deutan,16.04983,0.97004,0.78334,0.04691,13.61024
primary27,grayscale,weld_synthetic,DE_Cividis,deutan,15.55250,0.98989,0.52260,0.05383,18.22979
primary27,grayscale,xray_synthetic,M1_intensity_slicing,protan,39.82786,0.26522,0.22950,0.06033,3.03051
primary27,grayscale,xray_synthetic,M2_sin_three_phase,protan,33.25499,0.70361,0.21863,0.04803,18.76904
primary27,grayscale,xray_synthetic,M4_jet,protan,38.60208,0.63476,0.25503,0.02992,13.78984
primary27,grayscale,xray_synthetic,M5_hot,protan,30.97471,0.94581,0.41500,0.06130,7.19822
primary27,grayscale,xray_synthetic,M5b_turbo,protan,37.64701,0.51423,0.29200,0.03940,17.48433
primary27,grayscale,xray_synthetic,M6_viridis,protan,22.78844,0.92831,0.58731,0.06433,15.96665
primary27,grayscale,xray_synthetic,M6b_cividis,protan,7.99910,0.97652,0.87705,0.06429,16.34928
primary27,grayscale,xray_synthetic,DE_Cividis,protan,8.22162,0.99189,0.67441,0.06736,19.34244
primary27,grayscale,xray_synthetic,M1_intensity_slicing,deutan,39.82786,0.26522,0.22950,0.06955,3.03051
primary27,grayscale,xray_synthetic,M2_sin_three_phase,deutan,33.25499,0.70361,0.21863,0.05916,18.76904
primary27,grayscale,xray_synthetic,M4_jet,deutan,38.60208,0.63476,0.25503,0.02394,13.78984
primary27,grayscale,xray_synthetic,M5_hot,deutan,30.97471,0.94581,0.41500,0.06002,7.19822
primary27,grayscale,xray_synthetic,M5b_turbo,deutan,37.64701,0.51423,0.29200,0.03622,17.48433
primary27,grayscale,xray_synthetic,M6_viridis,deutan,22.78844,0.92831,0.58731,0.06519,15.96665
primary27,grayscale,xray_synthetic,M6b_cividis,deutan,7.99910,0.97652,0.87705,0.06425,16.34928
primary27,grayscale,xray_synthetic,DE_Cividis,deutan,8.22162,0.99189,0.67441,0.06916,19.34244
external_kodak24,kodak-extra,kodim01,M1_intensity_slicing,protan,43.15124,0.40103,0.06478,0.10450,3.67651
external_kodak24,kodak-extra,kodim01,M2_sin_three_phase,protan,35.91247,0.02563,0.14785,0.09142,19.57773
external_kodak24,kodak-extra,kodim01,M4_jet,protan,39.97849,0.76252,0.17565,0.10369,13.90951
external_kodak24,kodak-extra,kodim01,M5_hot,protan,30.66449,0.94766,0.31364,0.12282,8.09401
external_kodak24,kodak-extra,kodim01,M5b_turbo,protan,41.87929,0.63118,0.09937,0.08615,18.88372
external_kodak24,kodak-extra,kodim01,M6_viridis,protan,21.65525,0.83702,0.36866,0.12565,16.04449
external_kodak24,kodak-extra,kodim01,M6b_cividis,protan,9.00707,0.95292,0.78439,0.12094,17.09572
external_kodak24,kodak-extra,kodim01,DE_Cividis,protan,12.27310,0.99088,0.54405,0.12898,21.05344
external_kodak24,kodak-extra,kodim01,M1_intensity_slicing,deutan,43.15124,0.40103,0.06478,0.10640,3.67651
external_kodak24,kodak-extra,kodim01,M2_sin_three_phase,deutan,35.91247,0.02563,0.14785,0.12427,19.57773
external_kodak24,kodak-extra,kodim01,M4_jet,deutan,39.97849,0.76252,0.17565,0.10119,13.90951
external_kodak24,kodak-extra,kodim01,M5_hot,deutan,30.66449,0.94766,0.31364,0.10540,8.09401
external_kodak24,kodak-extra,kodim01,M5b_turbo,deutan,41.87929,0.63118,0.09937,0.08367,18.88372
external_kodak24,kodak-extra,kodim01,M6_viridis,deutan,21.65525,0.83702,0.36866,0.12362,16.04449
external_kodak24,kodak-extra,kodim01,M6b_cividis,deutan,9.00707,0.95292,0.78439,0.12057,17.09572
external_kodak24,kodak-extra,kodim01,DE_Cividis,deutan,12.27310,0.99088,0.54405,0.13549,21.05344
external_kodak24,kodak-extra,kodim02,M1_intensity_slicing,protan,52.04561,0.41070,0.20656,0.05234,1.35221
external_kodak24,kodak-extra,kodim02,M2_sin_three_phase,protan,35.32645,0.16542,0.27816,0.03478,15.76316
external_kodak24,kodak-extra,kodim02,M4_jet,protan,42.87246,0.71807,0.23040,0.09125,7.87008
external_kodak24,kodak-extra,kodim02,M5_hot,protan,31.37707,0.97223,0.19125,0.03081,6.02054
external_kodak24,kodak-extra,kodim02,M5b_turbo,protan,47.89332,0.75459,0.30428,0.05092,14.81839
external_kodak24,kodak-extra,kodim02,M6_viridis,protan,19.19105,0.91290,0.65476,0.04131,12.06545
external_kodak24,kodak-extra,kodim02,M6b_cividis,protan,10.84152,0.96811,0.87977,0.03420,12.28639
external_kodak24,kodak-extra,kodim02,DE_Cividis,protan,10.70617,0.99477,0.77646,0.03827,15.92707
external_kodak24,kodak-extra,kodim02,M1_intensity_slicing,deutan,52.04561,0.41070,0.20656,0.05190,1.35221
external_kodak24,kodak-extra,kodim02,M2_sin_three_phase,deutan,35.32645,0.16542,0.27816,0.03558,15.76316
external_kodak24,kodak-extra,kodim02,M4_jet,deutan,42.87246,0.71807,0.23040,0.09024,7.87008
external_kodak24,kodak-extra,kodim02,M5_hot,deutan,31.37707,0.97223,0.19125,0.04326,6.02054
external_kodak24,kodak-extra,kodim02,M5b_turbo,deutan,47.89332,0.75459,0.30428,0.05652,14.81839
external_kodak24,kodak-extra,kodim02,M6_viridis,deutan,19.19105,0.91290,0.65476,0.03550,12.06545
external_kodak24,kodak-extra,kodim02,M6b_cividis,deutan,10.84152,0.96811,0.87977,0.03435,12.28639
external_kodak24,kodak-extra,kodim02,DE_Cividis,deutan,10.70617,0.99477,0.77646,0.04066,15.92707
external_kodak24,kodak-extra,kodim03,M1_intensity_slicing,protan,44.85488,0.45156,0.23423,0.06334,3.64766
external_kodak24,kodak-extra,kodim03,M2_sin_three_phase,protan,35.53801,0.50773,0.32663,0.04124,19.64237
external_kodak24,kodak-extra,kodim03,M4_jet,protan,40.60955,0.73863,0.31435,0.04720,13.84642
external_kodak24,kodak-extra,kodim03,M5_hot,protan,30.82600,0.96495,0.30468,0.04618,8.32458
external_kodak24,kodak-extra,kodim03,M5b_turbo,protan,43.73623,0.65885,0.36026,0.04413,19.29457
external_kodak24,kodak-extra,kodim03,M6_viridis,protan,21.17270,0.92140,0.64787,0.05260,16.21349
external_kodak24,kodak-extra,kodim03,M6b_cividis,protan,9.30969,0.97121,0.87906,0.04552,17.32879
external_kodak24,kodak-extra,kodim03,DE_Cividis,protan,9.87463,0.99588,0.78833,0.04848,20.42828
external_kodak24,kodak-extra,kodim03,M1_intensity_slicing,deutan,44.85488,0.45156,0.23423,0.06625,3.64766
external_kodak24,kodak-extra,kodim03,M2_sin_three_phase,deutan,35.53801,0.50773,0.32663,0.04727,19.64237
external_kodak24,kodak-extra,kodim03,M4_jet,deutan,40.60955,0.73863,0.31435,0.04290,13.84642
external_kodak24,kodak-extra,kodim03,M5_hot,deutan,30.82600,0.96495,0.30468,0.04733,8.32458
external_kodak24,kodak-extra,kodim03,M5b_turbo,deutan,43.73623,0.65885,0.36026,0.04559,19.29457
external_kodak24,kodak-extra,kodim03,M6_viridis,deutan,21.17270,0.92140,0.64787,0.04720,16.21349
external_kodak24,kodak-extra,kodim03,M6b_cividis,deutan,9.30969,0.97121,0.87906,0.04585,17.32879
external_kodak24,kodak-extra,kodim03,DE_Cividis,deutan,9.87463,0.99588,0.78833,0.04998,20.42828
external_kodak24,kodak-extra,kodim04,M1_intensity_slicing,protan,45.30443,0.35231,0.18185,0.08660,3.45414
external_kodak24,kodak-extra,kodim04,M2_sin_three_phase,protan,36.00630,0.15524,0.20018,0.05153,19.81283
external_kodak24,kodak-extra,kodim04,M4_jet,protan,40.47358,0.70876,0.25865,0.08822,13.26052
external_kodak24,kodak-extra,kodim04,M5_hot,protan,30.72244,0.96346,0.28636,0.04564,8.28110
external_kodak24,kodak-extra,kodim04,M5b_turbo,protan,44.06385,0.68513,0.25057,0.05827,19.27686
external_kodak24,kodak-extra,kodim04,M6_viridis,protan,21.06775,0.89124,0.55642,0.05448,16.28077
external_kodak24,kodak-extra,kodim04,M6b_cividis,protan,9.64484,0.96225,0.84839,0.04651,17.22471
external_kodak24,kodak-extra,kodim04,DE_Cividis,protan,10.09267,0.99477,0.72647,0.04979,20.52752
external_kodak24,kodak-extra,kodim04,M1_intensity_slicing,deutan,45.30443,0.35231,0.18185,0.08739,3.45414
external_kodak24,kodak-extra,kodim04,M2_sin_three_phase,deutan,36.00630,0.15524,0.20018,0.05655,19.81283
external_kodak24,kodak-extra,kodim04,M4_jet,deutan,40.47358,0.70876,0.25865,0.08442,13.26052
external_kodak24,kodak-extra,kodim04,M5_hot,deutan,30.72244,0.96346,0.28636,0.05162,8.28110
external_kodak24,kodak-extra,kodim04,M5b_turbo,deutan,44.06385,0.68513,0.25057,0.06373,19.27686
external_kodak24,kodak-extra,kodim04,M6_viridis,deutan,21.06775,0.89124,0.55642,0.04792,16.28077
external_kodak24,kodak-extra,kodim04,M6b_cividis,deutan,9.64484,0.96225,0.84839,0.04659,17.22471
external_kodak24,kodak-extra,kodim04,DE_Cividis,deutan,10.09267,0.99477,0.72647,0.05271,20.52752
external_kodak24,kodak-extra,kodim05,M1_intensity_slicing,protan,43.89114,0.32743,0.07879,0.20150,3.92569
external_kodak24,kodak-extra,kodim05,M2_sin_three_phase,protan,40.61291,-0.29889,0.06708,0.13627,20.51712
external_kodak24,kodak-extra,kodim05,M4_jet,protan,39.93638,0.63551,0.15305,0.20604,12.23743
external_kodak24,kodak-extra,kodim05,M5_hot,protan,29.26802,0.96444,0.26122,0.10628,8.51518
external_kodak24,kodak-extra,kodim05,M5b_turbo,protan,43.66870,0.56671,0.09257,0.15676,19.59521
external_kodak24,kodak-extra,kodim05,M6_viridis,protan,21.97273,0.83807,0.36758,0.12272,17.45086
external_kodak24,kodak-extra,kodim05,M6b_cividis,protan,13.12502,0.93780,0.71281,0.10599,17.54670
external_kodak24,kodak-extra,kodim05,DE_Cividis,protan,14.15586,0.99208,0.58094,0.11659,20.74358
external_kodak24,kodak-extra,kodim05,M1_intensity_slicing,deutan,43.89114,0.32743,0.07879,0.19618,3.92569
external_kodak24,kodak-extra,kodim05,M2_sin_three_phase,deutan,40.61291,-0.29889,0.06708,0.12416,20.51712
external_kodak24,kodak-extra,kodim05,M4_jet,deutan,39.93638,0.63551,0.15305,0.20152,12.23743
external_kodak24,kodak-extra,kodim05,M5_hot,deutan,29.26802,0.96444,0.26122,0.12057,8.51518
external_kodak24,kodak-extra,kodim05,M5b_turbo,deutan,43.66870,0.56671,0.09257,0.15888,19.59521
external_kodak24,kodak-extra,kodim05,M6_viridis,deutan,21.97273,0.83807,0.36758,0.10800,17.45086
external_kodak24,kodak-extra,kodim05,M6b_cividis,deutan,13.12502,0.93780,0.71281,0.10694,17.54670
external_kodak24,kodak-extra,kodim05,DE_Cividis,deutan,14.15586,0.99208,0.58094,0.12224,20.74358
external_kodak24,kodak-extra,kodim06,M1_intensity_slicing,protan,46.66934,0.21408,0.12504,0.08690,4.75105
external_kodak24,kodak-extra,kodim06,M2_sin_three_phase,protan,33.19336,0.25925,0.18994,0.08542,20.92858
external_kodak24,kodak-extra,kodim06,M4_jet,protan,42.01361,0.54903,0.15629,0.09512,14.00800
external_kodak24,kodak-extra,kodim06,M5_hot,protan,29.08097,0.95414,0.39095,0.08897,9.13700
external_kodak24,kodak-extra,kodim06,M5b_turbo,protan,44.05083,0.49758,0.13956,0.07327,19.81644
external_kodak24,kodak-extra,kodim06,M6_viridis,protan,22.67283,0.88398,0.46818,0.09165,17.98078
external_kodak24,kodak-extra,kodim06,M6b_cividis,protan,12.47998,0.96206,0.79556,0.08404,19.00062
external_kodak24,kodak-extra,kodim06,DE_Cividis,protan,14.26976,0.99056,0.60505,0.09375,20.89888
external_kodak24,kodak-extra,kodim06,M1_intensity_slicing,deutan,46.66934,0.21408,0.12504,0.08177,4.75105
external_kodak24,kodak-extra,kodim06,M2_sin_three_phase,deutan,33.19336,0.25925,0.18994,0.10089,20.92858
external_kodak24,kodak-extra,kodim06,M4_jet,deutan,42.01361,0.54903,0.15629,0.08271,14.00800
external_kodak24,kodak-extra,kodim06,M5_hot,deutan,29.08097,0.95414,0.39095,0.08185,9.13700
external_kodak24,kodak-extra,kodim06,M5b_turbo,deutan,44.05083,0.49758,0.13956,0.07093,19.81644
external_kodak24,kodak-extra,kodim06,M6_viridis,deutan,22.67283,0.88398,0.46818,0.08558,17.98078
external_kodak24,kodak-extra,kodim06,M6b_cividis,deutan,12.47998,0.96206,0.79556,0.08452,19.00062
external_kodak24,kodak-extra,kodim06,DE_Cividis,deutan,14.26976,0.99056,0.60505,0.09822,20.89888
external_kodak24,kodak-extra,kodim07,M1_intensity_slicing,protan,43.75916,0.46226,0.20741,0.09662,3.57739
external_kodak24,kodak-extra,kodim07,M2_sin_three_phase,protan,36.04043,0.17562,0.23476,0.06886,19.76129
external_kodak24,kodak-extra,kodim07,M4_jet,protan,40.25736,0.75207,0.34173,0.11050,13.78680
external_kodak24,kodak-extra,kodim07,M5_hot,protan,30.62622,0.96625,0.37017,0.06316,8.04857
external_kodak24,kodak-extra,kodim07,M5b_turbo,protan,42.10462,0.71731,0.31827,0.07982,18.59430
external_kodak24,kodak-extra,kodim07,M6_viridis,protan,21.62410,0.88710,0.51077,0.07311,15.79051
external_kodak24,kodak-extra,kodim07,M6b_cividis,protan,8.10526,0.96623,0.84216,0.06268,16.91861
external_kodak24,kodak-extra,kodim07,DE_Cividis,protan,9.13234,0.99535,0.74243,0.06804,20.37669
external_kodak24,kodak-extra,kodim07,M1_intensity_slicing,deutan,43.75916,0.46226,0.20741,0.09813,3.57739
external_kodak24,kodak-extra,kodim07,M2_sin_three_phase,deutan,36.04043,0.17562,0.23476,0.07836,19.76129
external_kodak24,kodak-extra,kodim07,M4_jet,deutan,40.25736,0.75207,0.34173,0.10562,13.78680
external_kodak24,kodak-extra,kodim07,M5_hot,deutan,30.62622,0.96625,0.37017,0.06718,8.04857
external_kodak24,kodak-extra,kodim07,M5b_turbo,deutan,42.10462,0.71731,0.31827,0.09074,18.59430
external_kodak24,kodak-extra,kodim07,M6_viridis,deutan,21.62410,0.88710,0.51077,0.06462,15.79051
external_kodak24,kodak-extra,kodim07,M6b_cividis,deutan,8.10526,0.96623,0.84216,0.06282,16.91861
external_kodak24,kodak-extra,kodim07,DE_Cividis,deutan,9.13234,0.99535,0.74243,0.07156,20.37669
external_kodak24,kodak-extra,kodim08,M1_intensity_slicing,protan,45.57927,0.03046,0.01441,0.17820,4.86909
external_kodak24,kodak-extra,kodim08,M2_sin_three_phase,protan,35.16733,0.14819,0.06250,0.16405,21.33560
external_kodak24,kodak-extra,kodim08,M4_jet,protan,40.97582,0.29054,0.06000,0.19705,14.08095
external_kodak24,kodak-extra,kodim08,M5_hot,protan,29.37909,0.95893,0.36737,0.14556,9.33313
external_kodak24,kodak-extra,kodim08,M5b_turbo,protan,43.75938,0.21397,0.01436,0.16368,20.40154
external_kodak24,kodak-extra,kodim08,M6_viridis,protan,22.69834,0.87601,0.36941,0.13771,18.41718
external_kodak24,kodak-extra,kodim08,M6b_cividis,protan,12.83597,0.95085,0.69624,0.13682,19.24675
external_kodak24,kodak-extra,kodim08,DE_Cividis,protan,15.31803,0.99162,0.53897,0.14520,21.61883
external_kodak24,kodak-extra,kodim08,M1_intensity_slicing,deutan,45.57927,0.03046,0.01441,0.16404,4.86909
external_kodak24,kodak-extra,kodim08,M2_sin_three_phase,deutan,35.16733,0.14819,0.06250,0.17418,21.33560
external_kodak24,kodak-extra,kodim08,M4_jet,deutan,40.97582,0.29054,0.06000,0.17375,14.08095
external_kodak24,kodak-extra,kodim08,M5_hot,deutan,29.37909,0.95893,0.36737,0.13080,9.33313
external_kodak24,kodak-extra,kodim08,M5b_turbo,deutan,43.75938,0.21397,0.01436,0.15927,20.40154
external_kodak24,kodak-extra,kodim08,M6_viridis,deutan,22.69834,0.87601,0.36941,0.13611,18.41718
external_kodak24,kodak-extra,kodim08,M6b_cividis,deutan,12.83597,0.95085,0.69624,0.13626,19.24675
external_kodak24,kodak-extra,kodim08,DE_Cividis,deutan,15.31803,0.99162,0.53897,0.15182,21.61883
external_kodak24,kodak-extra,kodim09,M1_intensity_slicing,protan,41.11665,0.42582,0.27400,0.05952,3.55086
external_kodak24,kodak-extra,kodim09,M2_sin_three_phase,protan,34.62971,0.51034,0.34104,0.05898,19.66206
external_kodak24,kodak-extra,kodim09,M4_jet,protan,38.71990,0.70170,0.39787,0.05877,14.18693
external_kodak24,kodak-extra,kodim09,M5_hot,protan,30.66302,0.96762,0.45350,0.05543,8.05859
external_kodak24,kodak-extra,kodim09,M5b_turbo,protan,38.68548,0.65139,0.42348,0.04739,18.60152
external_kodak24,kodak-extra,kodim09,M6_viridis,protan,22.81353,0.92172,0.59757,0.05461,16.70633
external_kodak24,kodak-extra,kodim09,M6b_cividis,protan,9.21520,0.97556,0.87648,0.05178,17.28396
external_kodak24,kodak-extra,kodim09,DE_Cividis,protan,9.99230,0.99562,0.77173,0.05578,20.28817
external_kodak24,kodak-extra,kodim09,M1_intensity_slicing,deutan,41.11665,0.42582,0.27400,0.05650,3.55086
external_kodak24,kodak-extra,kodim09,M2_sin_three_phase,deutan,34.62971,0.51034,0.34104,0.07134,19.66206
external_kodak24,kodak-extra,kodim09,M4_jet,deutan,38.71990,0.70170,0.39787,0.05091,14.18693
external_kodak24,kodak-extra,kodim09,M5_hot,deutan,30.66302,0.96762,0.45350,0.04863,8.05859
external_kodak24,kodak-extra,kodim09,M5b_turbo,deutan,38.68548,0.65139,0.42348,0.04848,18.60152
external_kodak24,kodak-extra,kodim09,M6_viridis,deutan,22.81353,0.92172,0.59757,0.05227,16.70633
external_kodak24,kodak-extra,kodim09,M6b_cividis,deutan,9.21520,0.97556,0.87648,0.05159,17.28396
external_kodak24,kodak-extra,kodim09,DE_Cividis,deutan,9.99230,0.99562,0.77173,0.05823,20.28817
external_kodak24,kodak-extra,kodim10,M1_intensity_slicing,protan,43.02621,0.36757,0.22837,0.05930,3.77720
external_kodak24,kodak-extra,kodim10,M2_sin_three_phase,protan,33.72069,0.42598,0.23345,0.06031,19.85263
external_kodak24,kodak-extra,kodim10,M4_jet,protan,40.81166,0.65785,0.30517,0.06508,14.47238
external_kodak24,kodak-extra,kodim10,M5_hot,protan,30.88438,0.96034,0.37848,0.04950,8.12038
external_kodak24,kodak-extra,kodim10,M5b_turbo,protan,41.23753,0.61377,0.32828,0.05004,18.79641
external_kodak24,kodak-extra,kodim10,M6_viridis,protan,21.64636,0.91043,0.56648,0.04875,16.29409
external_kodak24,kodak-extra,kodim10,M6b_cividis,protan,8.00801,0.97066,0.85565,0.04509,17.63770
external_kodak24,kodak-extra,kodim10,DE_Cividis,protan,8.63230,0.99418,0.75474,0.05172,20.43228
external_kodak24,kodak-extra,kodim10,M1_intensity_slicing,deutan,43.02621,0.36757,0.22837,0.05832,3.77720
external_kodak24,kodak-extra,kodim10,M2_sin_three_phase,deutan,33.72069,0.42598,0.23345,0.07280,19.85263
external_kodak24,kodak-extra,kodim10,M4_jet,deutan,40.81166,0.65785,0.30517,0.05985,14.47238
external_kodak24,kodak-extra,kodim10,M5_hot,deutan,30.88438,0.96034,0.37848,0.04416,8.12038
external_kodak24,kodak-extra,kodim10,M5b_turbo,deutan,41.23753,0.61377,0.32828,0.04997,18.79641
external_kodak24,kodak-extra,kodim10,M6_viridis,deutan,21.64636,0.91043,0.56648,0.04519,16.29409
external_kodak24,kodak-extra,kodim10,M6b_cividis,deutan,8.00801,0.97066,0.85565,0.04505,17.63770
external_kodak24,kodak-extra,kodim10,DE_Cividis,deutan,8.63230,0.99418,0.75474,0.05450,20.43228
external_kodak24,kodak-extra,kodim11,M1_intensity_slicing,protan,42.41655,0.44092,0.15707,0.08563,3.43659
external_kodak24,kodak-extra,kodim11,M2_sin_three_phase,protan,39.08036,0.07780,0.14504,0.07027,19.04235
external_kodak24,kodak-extra,kodim11,M4_jet,protan,40.40139,0.76700,0.24279,0.09079,13.03398
external_kodak24,kodak-extra,kodim11,M5_hot,protan,29.79730,0.96180,0.30990,0.06539,7.90038
external_kodak24,kodak-extra,kodim11,M5b_turbo,protan,42.68604,0.69842,0.25030,0.06902,18.05174
external_kodak24,kodak-extra,kodim11,M6_viridis,protan,21.63679,0.84805,0.49343,0.08191,15.51761
external_kodak24,kodak-extra,kodim11,M6b_cividis,protan,8.74271,0.94058,0.79290,0.07065,16.59476
external_kodak24,kodak-extra,kodim11,DE_Cividis,protan,9.94028,0.98847,0.66086,0.07618,19.50564
external_kodak24,kodak-extra,kodim11,M1_intensity_slicing,deutan,42.41655,0.44092,0.15707,0.08763,3.43659
external_kodak24,kodak-extra,kodim11,M2_sin_three_phase,deutan,39.08036,0.07780,0.14504,0.08808,19.04235
external_kodak24,kodak-extra,kodim11,M4_jet,deutan,40.40139,0.76700,0.24279,0.08446,13.03398
external_kodak24,kodak-extra,kodim11,M5_hot,deutan,29.79730,0.96180,0.30990,0.06938,7.90038
external_kodak24,kodak-extra,kodim11,M5b_turbo,deutan,42.68604,0.69842,0.25030,0.07560,18.05174
external_kodak24,kodak-extra,kodim11,M6_viridis,deutan,21.63679,0.84805,0.49343,0.07272,15.51761
external_kodak24,kodak-extra,kodim11,M6b_cividis,deutan,8.74271,0.94058,0.79290,0.07114,16.59476
external_kodak24,kodak-extra,kodim11,DE_Cividis,deutan,9.94028,0.98847,0.66086,0.07900,19.50564
external_kodak24,kodak-extra,kodim12,M1_intensity_slicing,protan,37.49236,0.25449,0.25926,0.08252,3.79337
external_kodak24,kodak-extra,kodim12,M2_sin_three_phase,protan,31.30947,0.73642,0.30663,0.07637,19.74445
external_kodak24,kodak-extra,kodim12,M4_jet,protan,36.48503,0.35734,0.23894,0.06543,12.34414
external_kodak24,kodak-extra,kodim12,M5_hot,protan,29.86161,0.95372,0.47971,0.05414,8.33726
external_kodak24,kodak-extra,kodim12,M5b_turbo,protan,35.38218,0.30945,0.27814,0.06220,18.24491
external_kodak24,kodak-extra,kodim12,M6_viridis,protan,25.02608,0.95189,0.59264,0.04576,18.81308
external_kodak24,kodak-extra,kodim12,M6b_cividis,protan,15.94058,0.97538,0.82095,0.04558,18.20522
external_kodak24,kodak-extra,kodim12,DE_Cividis,protan,15.90218,0.99118,0.68634,0.04861,19.89812
external_kodak24,kodak-extra,kodim12,M1_intensity_slicing,deutan,37.49236,0.25449,0.25926,0.06987,3.79337
external_kodak24,kodak-extra,kodim12,M2_sin_three_phase,deutan,31.30947,0.73642,0.30663,0.08057,19.74445
external_kodak24,kodak-extra,kodim12,M4_jet,deutan,36.48503,0.35734,0.23894,0.05524,12.34414
external_kodak24,kodak-extra,kodim12,M5_hot,deutan,29.86161,0.95372,0.47971,0.05028,8.33726
external_kodak24,kodak-extra,kodim12,M5b_turbo,deutan,35.38218,0.30945,0.27814,0.05805,18.24491
external_kodak24,kodak-extra,kodim12,M6_viridis,deutan,25.02608,0.95189,0.59264,0.04548,18.81308
external_kodak24,kodak-extra,kodim12,M6b_cividis,deutan,15.94058,0.97538,0.82095,0.04559,18.20522
external_kodak24,kodak-extra,kodim12,DE_Cividis,deutan,15.90218,0.99118,0.68634,0.05060,19.89812
external_kodak24,kodak-extra,kodim13,M1_intensity_slicing,protan,45.62240,0.11797,-0.00450,0.16280,4.16053
external_kodak24,kodak-extra,kodim13,M2_sin_three_phase,protan,35.11912,-0.05375,0.03606,0.13632,20.71535
external_kodak24,kodak-extra,kodim13,M4_jet,protan,41.27617,0.43350,0.06041,0.18062,13.76590
external_kodak24,kodak-extra,kodim13,M5_hot,protan,30.11633,0.95091,0.27807,0.11693,8.86997
external_kodak24,kodak-extra,kodim13,M5b_turbo,protan,44.26476,0.38951,-0.00870,0.12832,19.95631
external_kodak24,kodak-extra,kodim13,M6_viridis,protan,21.54597,0.85313,0.33659,0.11886,17.37166
external_kodak24,kodak-extra,kodim13,M6b_cividis,protan,10.86517,0.94811,0.72000,0.11096,18.33588
external_kodak24,kodak-extra,kodim13,DE_Cividis,protan,13.21073,0.98868,0.48968,0.11955,21.39140
external_kodak24,kodak-extra,kodim13,M1_intensity_slicing,deutan,45.62240,0.11797,-0.00450,0.15153,4.16053
external_kodak24,kodak-extra,kodim13,M2_sin_three_phase,deutan,35.11912,-0.05375,0.03606,0.14214,20.71535
external_kodak24,kodak-extra,kodim13,M4_jet,deutan,41.27617,0.43350,0.06041,0.16416,13.76590
external_kodak24,kodak-extra,kodim13,M5_hot,deutan,30.11633,0.95091,0.27807,0.11256,8.86997
external_kodak24,kodak-extra,kodim13,M5b_turbo,deutan,44.26476,0.38951,-0.00870,0.12817,19.95631
external_kodak24,kodak-extra,kodim13,M6_viridis,deutan,21.54597,0.85313,0.33659,0.11193,17.37166
external_kodak24,kodak-extra,kodim13,M6b_cividis,deutan,10.86517,0.94811,0.72000,0.11046,18.33588
external_kodak24,kodak-extra,kodim13,DE_Cividis,deutan,13.21073,0.98868,0.48968,0.12591,21.39140
external_kodak24,kodak-extra,kodim14,M1_intensity_slicing,protan,42.16326,0.29525,0.07069,0.12652,4.22607
external_kodak24,kodak-extra,kodim14,M2_sin_three_phase,protan,38.75713,-0.05170,0.09462,0.09461,20.78659
external_kodak24,kodak-extra,kodim14,M4_jet,protan,39.22937,0.65297,0.14501,0.12567,13.44928
external_kodak24,kodak-extra,kodim14,M5_hot,protan,29.82523,0.95404,0.26565,0.08158,8.61405
external_kodak24,kodak-extra,kodim14,M5b_turbo,protan,42.00185,0.54414,0.11487,0.10180,19.75129
external_kodak24,kodak-extra,kodim14,M6_viridis,protan,22.16536,0.84247,0.40212,0.09322,17.49329
external_kodak24,kodak-extra,kodim14,M6b_cividis,protan,11.78369,0.94086,0.74999,0.07848,17.92629
external_kodak24,kodak-extra,kodim14,DE_Cividis,protan,12.99145,0.99075,0.56866,0.08552,21.18204
external_kodak24,kodak-extra,kodim14,M1_intensity_slicing,deutan,42.16326,0.29525,0.07069,0.12554,4.22607
external_kodak24,kodak-extra,kodim14,M2_sin_three_phase,deutan,38.75713,-0.05170,0.09462,0.10116,20.78659
external_kodak24,kodak-extra,kodim14,M4_jet,deutan,39.22937,0.65297,0.14501,0.12185,13.44928
external_kodak24,kodak-extra,kodim14,M5_hot,deutan,29.82523,0.95404,0.26565,0.08569,8.61405
external_kodak24,kodak-extra,kodim14,M5b_turbo,deutan,42.00185,0.54414,0.11487,0.09748,19.75129
external_kodak24,kodak-extra,kodim14,M6_viridis,deutan,22.16536,0.84247,0.40212,0.08047,17.49329
external_kodak24,kodak-extra,kodim14,M6b_cividis,deutan,11.78369,0.94086,0.74999,0.07879,17.92629
external_kodak24,kodak-extra,kodim14,DE_Cividis,deutan,12.99145,0.99075,0.56866,0.09003,21.18204
external_kodak24,kodak-extra,kodim15,M1_intensity_slicing,protan,45.28841,0.39067,0.21789,0.09445,4.82986
external_kodak24,kodak-extra,kodim15,M2_sin_three_phase,protan,41.61440,0.27456,0.29642,0.06063,20.74430
external_kodak24,kodak-extra,kodim15,M4_jet,protan,40.84074,0.62228,0.20850,0.08184,11.09687
external_kodak24,kodak-extra,kodim15,M5_hot,protan,25.82029,0.97442,0.37997,0.04286,9.27035
external_kodak24,kodak-extra,kodim15,M5b_turbo,protan,45.23472,0.51008,0.23644,0.07349,19.77429
external_kodak24,kodak-extra,kodim15,M6_viridis,protan,24.44053,0.87797,0.59704,0.04983,18.89250
external_kodak24,kodak-extra,kodim15,M6b_cividis,protan,18.48925,0.92893,0.75713,0.04424,18.60313
external_kodak24,kodak-extra,kodim15,DE_Cividis,protan,18.24957,0.98615,0.68770,0.04567,19.46944
external_kodak24,kodak-extra,kodim15,M1_intensity_slicing,deutan,45.28841,0.39067,0.21789,0.09229,4.82986
external_kodak24,kodak-extra,kodim15,M2_sin_three_phase,deutan,41.61440,0.27456,0.29642,0.05041,20.74430
external_kodak24,kodak-extra,kodim15,M4_jet,deutan,40.84074,0.62228,0.20850,0.07855,11.09687
external_kodak24,kodak-extra,kodim15,M5_hot,deutan,25.82029,0.97442,0.37997,0.05008,9.27035
external_kodak24,kodak-extra,kodim15,M5b_turbo,deutan,45.23472,0.51008,0.23644,0.06993,19.77429
external_kodak24,kodak-extra,kodim15,M6_viridis,deutan,24.44053,0.87797,0.59704,0.04505,18.89250
external_kodak24,kodak-extra,kodim15,M6b_cividis,deutan,18.48925,0.92893,0.75713,0.04485,18.60313
external_kodak24,kodak-extra,kodim15,DE_Cividis,deutan,18.24957,0.98615,0.68770,0.04769,19.46944
external_kodak24,kodak-extra,kodim16,M1_intensity_slicing,protan,44.51323,0.38455,0.20354,0.09090,3.74828
external_kodak24,kodak-extra,kodim16,M2_sin_three_phase,protan,35.62853,0.18962,0.19668,0.05201,20.15717
external_kodak24,kodak-extra,kodim16,M4_jet,protan,40.57748,0.66822,0.27677,0.10167,13.70740
external_kodak24,kodak-extra,kodim16,M5_hot,protan,30.55649,0.96201,0.31629,0.05549,8.51730
external_kodak24,kodak-extra,kodim16,M5b_turbo,protan,43.66964,0.65166,0.25604,0.06352,19.37295
external_kodak24,kodak-extra,kodim16,M6_viridis,protan,21.44568,0.89477,0.54269,0.07423,16.64249
external_kodak24,kodak-extra,kodim16,M6b_cividis,protan,9.44095,0.96303,0.83840,0.06341,17.76843
external_kodak24,kodak-extra,kodim16,DE_Cividis,protan,9.75718,0.99326,0.68561,0.06576,20.73580
external_kodak24,kodak-extra,kodim16,M1_intensity_slicing,deutan,44.51323,0.38455,0.20354,0.09297,3.74828
external_kodak24,kodak-extra,kodim16,M2_sin_three_phase,deutan,35.62853,0.18962,0.19668,0.05604,20.15717
external_kodak24,kodak-extra,kodim16,M4_jet,deutan,40.57748,0.66822,0.27677,0.09940,13.70740
external_kodak24,kodak-extra,kodim16,M5_hot,deutan,30.55649,0.96201,0.31629,0.07069,8.51730
external_kodak24,kodak-extra,kodim16,M5b_turbo,deutan,43.66964,0.65166,0.25604,0.07087,19.37295
external_kodak24,kodak-extra,kodim16,M6_viridis,deutan,21.44568,0.89477,0.54269,0.06573,16.64249
external_kodak24,kodak-extra,kodim16,M6b_cividis,deutan,9.44095,0.96303,0.83840,0.06393,17.76843
external_kodak24,kodak-extra,kodim16,DE_Cividis,deutan,9.75718,0.99326,0.68561,0.06878,20.73580
external_kodak24,kodak-extra,kodim17,M1_intensity_slicing,protan,41.07747,0.40932,0.10529,0.09395,4.23862
external_kodak24,kodak-extra,kodim17,M2_sin_three_phase,protan,44.55127,0.04959,0.15173,0.06853,20.24062
external_kodak24,kodak-extra,kodim17,M4_jet,protan,38.68759,0.73961,0.16021,0.08729,12.60776
external_kodak24,kodak-extra,kodim17,M5_hot,protan,28.14779,0.96405,0.23936,0.05610,8.33483
external_kodak24,kodak-extra,kodim17,M5b_turbo,protan,41.00523,0.55644,0.18456,0.07716,19.57495
external_kodak24,kodak-extra,kodim17,M6_viridis,protan,22.64728,0.81130,0.48084,0.06359,17.18683
external_kodak24,kodak-extra,kodim17,M6b_cividis,protan,13.45368,0.89871,0.70250,0.05620,17.24697
external_kodak24,kodak-extra,kodim17,DE_Cividis,protan,13.81398,0.98093,0.61658,0.06054,20.17434
external_kodak24,kodak-extra,kodim17,M1_intensity_slicing,deutan,41.07747,0.40932,0.10529,0.09397,4.23862
external_kodak24,kodak-extra,kodim17,M2_sin_three_phase,deutan,44.55127,0.04959,0.15173,0.07002,20.24062
external_kodak24,kodak-extra,kodim17,M4_jet,deutan,38.68759,0.73961,0.16021,0.08489,12.60776
external_kodak24,kodak-extra,kodim17,M5_hot,deutan,28.14779,0.96405,0.23936,0.06024,8.33483
external_kodak24,kodak-extra,kodim17,M5b_turbo,deutan,41.00523,0.55644,0.18456,0.07321,19.57495
external_kodak24,kodak-extra,kodim17,M6_viridis,deutan,22.64728,0.81130,0.48084,0.05724,17.18683
external_kodak24,kodak-extra,kodim17,M6b_cividis,deutan,13.45368,0.89871,0.70250,0.05615,17.24697
external_kodak24,kodak-extra,kodim17,DE_Cividis,deutan,13.81398,0.98093,0.61658,0.06320,20.17434
external_kodak24,kodak-extra,kodim18,M1_intensity_slicing,protan,43.68210,0.35015,0.10035,0.16052,3.26552
external_kodak24,kodak-extra,kodim18,M2_sin_three_phase,protan,41.85239,-0.21797,0.13594,0.09754,19.32699
external_kodak24,kodak-extra,kodim18,M4_jet,protan,39.04757,0.69697,0.17281,0.15441,10.54612
external_kodak24,kodak-extra,kodim18,M5_hot,protan,29.05712,0.96675,0.21105,0.07851,7.83374
external_kodak24,kodak-extra,kodim18,M5b_turbo,protan,44.75809,0.61753,0.14025,0.11411,18.89321
external_kodak24,kodak-extra,kodim18,M6_viridis,protan,21.95574,0.84445,0.45258,0.09622,16.79324
external_kodak24,kodak-extra,kodim18,M6b_cividis,protan,13.91920,0.93556,0.74502,0.08056,16.30195
external_kodak24,kodak-extra,kodim18,DE_Cividis,protan,14.40894,0.99122,0.59281,0.08694,19.79650
external_kodak24,kodak-extra,kodim18,M1_intensity_slicing,deutan,43.68210,0.35015,0.10035,0.15711,3.26552
external_kodak24,kodak-extra,kodim18,M2_sin_three_phase,deutan,41.85239,-0.21797,0.13594,0.08812,19.32699
external_kodak24,kodak-extra,kodim18,M4_jet,deutan,39.04757,0.69697,0.17281,0.15250,10.54612
external_kodak24,kodak-extra,kodim18,M5_hot,deutan,29.05712,0.96675,0.21105,0.09449,7.83374
external_kodak24,kodak-extra,kodim18,M5b_turbo,deutan,44.75809,0.61753,0.14025,0.11807,18.89321
external_kodak24,kodak-extra,kodim18,M6_viridis,deutan,21.95574,0.84445,0.45258,0.08352,16.79324
external_kodak24,kodak-extra,kodim18,M6b_cividis,deutan,13.91920,0.93556,0.74502,0.08175,16.30195
external_kodak24,kodak-extra,kodim18,DE_Cividis,deutan,14.40894,0.99122,0.59281,0.09175,19.79650
external_kodak24,kodak-extra,kodim19,M1_intensity_slicing,protan,44.59539,0.24419,0.15955,0.11865,3.98048
external_kodak24,kodak-extra,kodim19,M2_sin_three_phase,protan,34.36519,0.30915,0.16739,0.10195,20.55497
external_kodak24,kodak-extra,kodim19,M4_jet,protan,40.26513,0.52992,0.23208,0.11167,14.17461
external_kodak24,kodak-extra,kodim19,M5_hot,protan,30.81516,0.96112,0.34105,0.08284,8.79409
external_kodak24,kodak-extra,kodim19,M5b_turbo,protan,42.64986,0.49777,0.19855,0.09925,19.81060
external_kodak24,kodak-extra,kodim19,M6_viridis,protan,21.73608,0.90772,0.52785,0.07890,17.17596
external_kodak24,kodak-extra,kodim19,M6b_cividis,protan,9.72809,0.96517,0.81230,0.07898,18.31644
external_kodak24,kodak-extra,kodim19,DE_Cividis,protan,10.36184,0.99440,0.69708,0.08335,21.39630
external_kodak24,kodak-extra,kodim19,M1_intensity_slicing,deutan,44.59539,0.24419,0.15955,0.10928,3.98048
external_kodak24,kodak-extra,kodim19,M2_sin_three_phase,deutan,34.36519,0.30915,0.16739,0.10083,20.55497
external_kodak24,kodak-extra,kodim19,M4_jet,deutan,40.26513,0.52992,0.23208,0.09852,14.17461
external_kodak24,kodak-extra,kodim19,M5_hot,deutan,30.81516,0.96112,0.34105,0.07933,8.79409
external_kodak24,kodak-extra,kodim19,M5b_turbo,deutan,42.64986,0.49777,0.19855,0.08411,19.81060
external_kodak24,kodak-extra,kodim19,M6_viridis,deutan,21.73608,0.90772,0.52785,0.07965,17.17596
external_kodak24,kodak-extra,kodim19,M6b_cividis,deutan,9.72809,0.96517,0.81230,0.07900,18.31644
external_kodak24,kodak-extra,kodim19,DE_Cividis,deutan,10.36184,0.99440,0.69708,0.08684,21.39630
external_kodak24,kodak-extra,kodim20,M1_intensity_slicing,protan,52.29337,0.32320,0.32750,0.06230,4.58559
external_kodak24,kodak-extra,kodim20,M2_sin_three_phase,protan,35.27048,0.46462,0.37620,0.04967,18.09627
external_kodak24,kodak-extra,kodim20,M4_jet,protan,52.16552,0.44044,0.19354,0.06954,10.54175
external_kodak24,kodak-extra,kodim20,M5_hot,protan,17.29442,0.97955,0.63697,0.03657,8.22159
external_kodak24,kodak-extra,kodim20,M5b_turbo,protan,54.67022,0.41466,0.20058,0.05497,16.69084
external_kodak24,kodak-extra,kodim20,M6_viridis,protan,26.09560,0.92411,0.60187,0.04139,16.18485
external_kodak24,kodak-extra,kodim20,M6b_cividis,protan,21.30975,0.96468,0.77476,0.03815,15.98672
external_kodak24,kodak-extra,kodim20,DE_Cividis,protan,21.12613,0.99002,0.73469,0.04026,14.93323
external_kodak24,kodak-extra,kodim20,M1_intensity_slicing,deutan,52.29337,0.32320,0.32750,0.06001,4.58559
external_kodak24,kodak-extra,kodim20,M2_sin_three_phase,deutan,35.27048,0.46462,0.37620,0.04850,18.09627
external_kodak24,kodak-extra,kodim20,M4_jet,deutan,52.16552,0.44044,0.19354,0.06591,10.54175
external_kodak24,kodak-extra,kodim20,M5_hot,deutan,17.29442,0.97955,0.63697,0.03953,8.22159
external_kodak24,kodak-extra,kodim20,M5b_turbo,deutan,54.67022,0.41466,0.20058,0.05742,16.69084
external_kodak24,kodak-extra,kodim20,M6_viridis,deutan,26.09560,0.92411,0.60187,0.03871,16.18485
external_kodak24,kodak-extra,kodim20,M6b_cividis,deutan,21.30975,0.96468,0.77476,0.03817,15.98672
external_kodak24,kodak-extra,kodim20,DE_Cividis,deutan,21.12613,0.99002,0.73469,0.04182,14.93323
external_kodak24,kodak-extra,kodim21,M1_intensity_slicing,protan,43.38572,0.44947,0.22491,0.10064,3.88120
external_kodak24,kodak-extra,kodim21,M2_sin_three_phase,protan,36.42012,0.29206,0.27636,0.07579,19.80304
external_kodak24,kodak-extra,kodim21,M4_jet,protan,40.01895,0.73216,0.36560,0.10306,13.70707
external_kodak24,kodak-extra,kodim21,M5_hot,protan,30.06802,0.96760,0.40187,0.07079,8.14337
external_kodak24,kodak-extra,kodim21,M5b_turbo,protan,41.80520,0.65539,0.33946,0.07445,18.49877
external_kodak24,kodak-extra,kodim21,M6_viridis,protan,22.15881,0.90035,0.52859,0.07259,15.90380
external_kodak24,kodak-extra,kodim21,M6b_cividis,protan,8.64586,0.96747,0.83708,0.06487,16.87797
external_kodak24,kodak-extra,kodim21,DE_Cividis,protan,9.62025,0.99381,0.70613,0.07215,20.24754
external_kodak24,kodak-extra,kodim21,M1_intensity_slicing,deutan,43.38572,0.44947,0.22491,0.09869,3.88120
external_kodak24,kodak-extra,kodim21,M2_sin_three_phase,deutan,36.42012,0.29206,0.27636,0.08056,19.80304
external_kodak24,kodak-extra,kodim21,M4_jet,deutan,40.01895,0.73216,0.36560,0.09769,13.70707
external_kodak24,kodak-extra,kodim21,M5_hot,deutan,30.06802,0.96760,0.40187,0.06915,8.14337
external_kodak24,kodak-extra,kodim21,M5b_turbo,deutan,41.80520,0.65539,0.33946,0.07514,18.49877
external_kodak24,kodak-extra,kodim21,M6_viridis,deutan,22.15881,0.90035,0.52859,0.06549,15.90380
external_kodak24,kodak-extra,kodim21,M6b_cividis,deutan,8.64586,0.96747,0.83708,0.06474,16.87797
external_kodak24,kodak-extra,kodim21,DE_Cividis,deutan,9.62025,0.99381,0.70613,0.07648,20.24754
external_kodak24,kodak-extra,kodim22,M1_intensity_slicing,protan,45.18486,0.24049,0.13829,0.07792,3.77617
external_kodak24,kodak-extra,kodim22,M2_sin_three_phase,protan,34.07340,0.17013,0.17032,0.06406,19.88187
external_kodak24,kodak-extra,kodim22,M4_jet,protan,41.10370,0.66037,0.21382,0.08364,14.24804
external_kodak24,kodak-extra,kodim22,M5_hot,protan,31.03077,0.95536,0.31936,0.06421,8.36224
external_kodak24,kodak-extra,kodim22,M5b_turbo,protan,42.70837,0.63828,0.22953,0.05568,19.27016
external_kodak24,kodak-extra,kodim22,M6_viridis,protan,21.16527,0.88308,0.50154,0.07425,16.39434
external_kodak24,kodak-extra,kodim22,M6b_cividis,protan,9.09316,0.96369,0.83644,0.06624,17.72293
external_kodak24,kodak-extra,kodim22,DE_Cividis,protan,10.06504,0.99299,0.67555,0.07188,20.67196
external_kodak24,kodak-extra,kodim22,M1_intensity_slicing,deutan,45.18486,0.24049,0.13829,0.07482,3.77617
external_kodak24,kodak-extra,kodim22,M2_sin_three_phase,deutan,34.07340,0.17013,0.17032,0.08088,19.88187
external_kodak24,kodak-extra,kodim22,M4_jet,deutan,41.10370,0.66037,0.21382,0.07777,14.24804
external_kodak24,kodak-extra,kodim22,M5_hot,deutan,31.03077,0.95536,0.31936,0.06234,8.36224
external_kodak24,kodak-extra,kodim22,M5b_turbo,deutan,42.70837,0.63828,0.22953,0.05929,19.27016
external_kodak24,kodak-extra,kodim22,M6_viridis,deutan,21.16527,0.88308,0.50154,0.06800,16.39434
external_kodak24,kodak-extra,kodim22,M6b_cividis,deutan,9.09316,0.96369,0.83644,0.06625,17.72293
external_kodak24,kodak-extra,kodim22,DE_Cividis,deutan,10.06504,0.99299,0.67555,0.07555,20.67196
external_kodak24,kodak-extra,kodim23,M1_intensity_slicing,protan,45.69093,0.39339,0.23537,0.05038,3.92634
external_kodak24,kodak-extra,kodim23,M2_sin_three_phase,protan,33.68378,0.51078,0.29733,0.04556,20.25667
external_kodak24,kodak-extra,kodim23,M4_jet,protan,41.04293,0.61074,0.27623,0.05767,13.74479
external_kodak24,kodak-extra,kodim23,M5_hot,protan,31.01185,0.96278,0.30901,0.04001,8.72325
external_kodak24,kodak-extra,kodim23,M5b_turbo,protan,43.92529,0.58373,0.32278,0.04357,19.86870
external_kodak24,kodak-extra,kodim23,M6_viridis,protan,21.15155,0.93260,0.64834,0.04294,16.98544
external_kodak24,kodak-extra,kodim23,M6b_cividis,protan,10.35771,0.97358,0.87185,0.03875,17.95378
external_kodak24,kodak-extra,kodim23,DE_Cividis,protan,10.47069,0.99603,0.82141,0.04105,20.61961
external_kodak24,kodak-extra,kodim23,M1_intensity_slicing,deutan,45.69093,0.39339,0.23537,0.04868,3.92634
external_kodak24,kodak-extra,kodim23,M2_sin_three_phase,deutan,33.68378,0.51078,0.29733,0.05085,20.25667
external_kodak24,kodak-extra,kodim23,M4_jet,deutan,41.04293,0.61074,0.27623,0.05301,13.74479
external_kodak24,kodak-extra,kodim23,M5_hot,deutan,31.01185,0.96278,0.30901,0.04126,8.72325
external_kodak24,kodak-extra,kodim23,M5b_turbo,deutan,43.92529,0.58373,0.32278,0.04434,19.86870
external_kodak24,kodak-extra,kodim23,M6_viridis,deutan,21.15155,0.93260,0.64834,0.03936,16.98544
external_kodak24,kodak-extra,kodim23,M6b_cividis,deutan,10.35771,0.97358,0.87185,0.03880,17.95378
external_kodak24,kodak-extra,kodim23,DE_Cividis,deutan,10.47069,0.99603,0.82141,0.04255,20.61961
external_kodak24,kodak-extra,kodim24,M1_intensity_slicing,protan,46.56682,0.21740,0.08857,0.11090,4.09855
external_kodak24,kodak-extra,kodim24,M2_sin_three_phase,protan,35.31936,0.04381,0.13596,0.08482,19.99620
external_kodak24,kodak-extra,kodim24,M4_jet,protan,42.37533,0.59639,0.15593,0.12865,13.62741
external_kodak24,kodak-extra,kodim24,M5_hot,protan,29.19235,0.95658,0.30503,0.08347,8.64527
external_kodak24,kodak-extra,kodim24,M5b_turbo,protan,45.53675,0.56239,0.14011,0.08616,19.48212
external_kodak24,kodak-extra,kodim24,M6_viridis,protan,21.51697,0.86593,0.44539,0.09344,16.69363
external_kodak24,kodak-extra,kodim24,M6b_cividis,protan,10.72309,0.95516,0.78861,0.08595,17.71754
external_kodak24,kodak-extra,kodim24,DE_Cividis,protan,12.17551,0.99157,0.61451,0.09210,20.58797
external_kodak24,kodak-extra,kodim24,M1_intensity_slicing,deutan,46.56682,0.21740,0.08857,0.10967,4.09855
external_kodak24,kodak-extra,kodim24,M2_sin_three_phase,deutan,35.31936,0.04381,0.13596,0.10044,19.99620
external_kodak24,kodak-extra,kodim24,M4_jet,deutan,42.37533,0.59639,0.15593,0.12338,13.62741
external_kodak24,kodak-extra,kodim24,M5_hot,deutan,29.19235,0.95658,0.30503,0.08492,8.64527
external_kodak24,kodak-extra,kodim24,M5b_turbo,deutan,45.53675,0.56239,0.14011,0.09040,19.48212
external_kodak24,kodak-extra,kodim24,M6_viridis,deutan,21.51697,0.86593,0.44539,0.08687,16.69363
external_kodak24,kodak-extra,kodim24,M6b_cividis,deutan,10.72309,0.95516,0.78861,0.08573,17.71754
external_kodak24,kodak-extra,kodim24,DE_Cividis,deutan,12.17551,0.99157,0.61451,0.09653,20.58797
